id,label
3711,0
3599,0
10829,1
8659,0
5488,1
7228,1
5305,1
6126,1
9736,0
7838,1
11840,1
380,0
9902,0
8451,1
663,0
9445,1
8483,1
477,1
6665,1
9804,0
7256,1
9651,1
5911,1
6833,0
95,1
11499,0
8390,0
8954,0
10123,0
4367,1
59,1
10875,1
6858,1
10057,0
10379,1
9216,0
8495,0
10535,0
925,0
5266,1
1671,0
2685,0
7520,1
5101,1
7435,1
9966,0
2693,0
8362,1
3760,1
10352,1
11758,1
7421,1
10082,0
3944,0
5654,1
10602,1
7298,1
859,0
11918,1
5087,0
5344,1
5846,0
5570,1
1092,1
1164,0
1908,0
5501,1
8751,0
7357,0
7047,0
5535,0
9540,0
6406,1
349,1
1097,0
9671,1
9970,1
10411,0
5633,1
2140,0
9557,1
476,1
2300,1
4248,1
4955,1
4808,1
11621,0
8881,1
1792,0
7186,0
7052,1
11027,1
816,1
7168,1
9030,1
10813,0
4206,0
1992,0
7716,1
5279,0
7983,0
11405,0
221,0
11123,1
3067,0
1202,0
2903,0
9719,0
6307,0
9974,0
1063,0
4118,0
11364,0
5201,0
7063,0
9490,0
11348,0
1295,0
3265,0
7097,1
4880,0
6473,1
2014,1
5070,1
8119,0
5020,0
5729,0
8348,0
11658,0
10418,0
10777,1
582,1
11553,1
5380,1
1940,1
4020,1
10633,1
1138,0
7177,0
9058,0
7227,0
9322,0
10374,0
10640,1
6813,1
4006,1
4427,1
11775,1
4058,0
9907,0
3298,1
9502,0
12455,0
291,0
2650,0
2996,1
12402,0
6630,1
6720,1
5988,1
8648,1
8145,1
10565,1
7842,0
2211,1
9194,0
482,1
10617,1
3083,1
8160,1
4321,1
6489,1
10278,0
10564,1
6666,1
12434,0
897,1
4897,1
9686,1
12105,0
10271,1
11391,1
12,1
3568,1
11636,0
7078,0
6127,0
2912,1
9941,1
7242,0
6289,0
8329,0
81,0
8563,0
2726,0
10432,1
6521,0
2209,1
7181,1
6900,0
8222,0
3099,1
6699,1
3522,1
7225,1
8711,0
4664,1
5106,1
1152,0
5970,1
10020,0
5748,1
422,1
891,1
11417,1
7073,1
4548,1
11554,1
12267,0
1996,1
9934,1
8575,1
4806,0
3270,0
2238,1
12448,1
9261,1
4976,1
11786,0
11557,0
3941,1
7194,0
4586,1
309,0
8139,1
625,0
6120,1
9654,0
2798,1
9291,1
9437,1
3628,0
10084,1
5698,1
1216,1
3034,0
4631,1
6905,0
8311,0
4678,0
10207,1
12205,1
9153,1
5683,0
10669,0
6074,0
9986,0
8936,1
4972,0
3727,0
11575,1
1602,0
8094,0
424,1
270,1
2784,0
12189,0
5545,0
11120,1
6250,0
3828,1
7124,0
797,1
7040,0
6920,1
5671,0
8965,1
7138,1
10140,1
7654,1
6831,1
9272,1
901,1
5558,1
4641,1
8110,1
4403,0
5337,1
3464,1
8315,0
811,0
1409,1
6939,0
11674,0
6399,1
9080,1
2473,0
4218,1
11572,0
2275,1
4263,0
577,0
2365,1
9781,0
3502,0
5287,0
8973,0
10541,1
3785,1
2398,1
8401,0
8050,1
6014,0
11761,1
6857,0
2048,0
9137,0
9011,1
12432,1
3504,1
11165,1
8556,1
9294,1
9682,0
3162,1
3343,0
1058,1
2051,0
8474,1
3168,0
7938,1
7279,1
9238,1
5823,0
5732,1
1038,1
5308,1
4818,1
2870,1
11552,1
5200,1
7984,1
11045,0
12493,1
10083,0
2949,1
10804,1
3058,1
1021,1
4277,0
1320,1
444,0
11822,1
8926,0
7017,1
1129,1
9361,1
1415,0
5204,1
10996,1
6670,1
2253,1
875,0
10054,0
5044,0
7326,0
9069,1
3794,1
11236,0
8923,1
3526,1
4499,1
278,0
11651,1
1782,1
2734,0
9843,1
9805,0
6531,0
7026,1
12114,1
2976,0
10748,0
7974,0
9823,1
2937,0
1431,1
4614,0
6055,1
11979,1
8506,0
6053,0
363,1
5152,0
4432,1
2199,0
5139,1
5373,0
70,1
9187,1
1099,0
6796,0
5859,0
11972,1
4059,1
6404,1
552,1
2731,0
9631,1
4928,0
776,1
1025,0
1929,0
592,0
5588,0
3137,0
129,0
10296,0
4328,1
1310,0
4152,1
6003,0
6087,1
7013,1
2600,1
8185,1
6349,1
10510,0
5554,1
7829,1
2080,1
11074,0
11715,1
5793,0
6901,1
4799,1
11473,1
5528,1
9405,1
7796,0
5232,0
10740,0
3715,1
1975,0
5169,0
4759,0
3911,0
8579,1
7527,0
8561,1
6975,0
7320,0
7959,1
6398,1
1009,1
4562,1
6356,1
3215,1
1065,0
10886,0
11243,0
1474,0
11839,1
1139,1
10577,1
638,0
6946,0
7534,1
1685,0
12268,1
9983,0
2067,1
5976,1
1799,0
9643,1
11471,1
4679,1
10982,1
10707,1
9604,1
4930,0
7834,1
9744,0
11842,0
1503,0
5908,1
7434,0
672,0
6909,1
7979,0
6982,1
808,1
337,1
4366,0
1265,0
8722,1
8719,1
833,1
3412,0
11791,1
3529,1
2587,0
3492,0
5947,0
12462,0
3850,0
6568,0
9828,1
7025,0
8465,0
6702,1
1743,1
11408,0
5849,1
7029,0
4908,1
2615,0
3907,1
5265,0
8803,0
10605,0
5665,1
4463,0
9691,0
9446,0
2657,1
9373,1
500,0
10166,1
3957,0
5335,0
7187,0
10735,0
11808,1
3357,1
4482,0
11567,1
12250,1
8053,0
1350,1
6157,1
7808,0
6253,1
1455,0
4507,0
4408,1
1452,1
469,1
11114,1
10242,1
8971,0
585,1
386,0
2558,0
5863,0
3878,0
4642,0
5512,1
8702,0
11994,1
8906,0
7212,1
1444,1
7176,0
1418,0
10588,1
9296,0
4093,0
10876,1
6194,0
4244,0
9530,0
11015,1
7159,1
11138,1
8235,0
9247,1
1193,0
6487,0
11488,1
8894,0
2065,1
3952,0
5110,0
53,0
9492,0
4223,0
9434,0
139,1
902,0
4286,1
4798,0
12253,1
4368,0
8826,1
10004,1
7679,0
8490,1
10987,0
6390,0
10954,1
12332,1
6556,1
8547,1
2381,1
2691,1
6533,0
11634,0
5682,0
3607,1
12208,1
3807,1
9076,1
2273,0
4683,0
169,0
73,1
8509,0
8319,1
1203,1
1875,0
2061,1
11852,1
2859,0
12200,1
2971,1
7504,0
3775,1
8016,1
8392,1
3453,0
713,1
1966,1
10695,1
11000,1
9124,0
9001,1
10042,1
6188,1
2602,1
5658,1
2563,0
6583,1
5532,1
5463,1
8171,0
7454,1
11687,0
4423,0
9954,1
660,0
9008,0
4388,1
93,0
1749,0
214,0
2582,1
60,0
10595,1
725,1
12188,1
3883,0
2172,1
1779,0
11373,0
8170,0
7255,1
10187,1
8391,0
12060,1
6232,1
3284,1
9472,1
5587,1
1153,0
2475,0
5900,0
1780,0
8259,1
12182,1
12467,0
11017,0
5927,0
10575,0
1175,1
6624,0
3318,0
184,0
6243,0
8202,1
7070,0
1018,1
3194,0
9875,1
10012,0
10381,0
9335,1
3674,1
5824,1
883,1
11869,1
3514,0
5198,1
1942,0
4834,1
9770,1
3873,1
8816,1
11089,1
8873,1
6535,0
6400,1
1836,0
4555,0
1642,1
711,0
199,1
12387,0
12046,1
665,0
3074,1
8167,0
8270,0
9288,0
5056,1
9323,1
10701,1
9644,0
11509,1
2841,1
8993,1
1541,1
6798,0
6926,1
2027,0
3772,1
8668,1
5111,1
7261,1
1667,1
5978,1
1223,1
9749,1
11288,0
7853,1
4227,0
8292,1
2738,1
2678,1
5803,0
3174,0
9825,1
7080,1
3916,0
2710,1
172,1
8117,1
12303,1
3385,1
2403,1
1273,1
1652,1
7258,0
7289,0
8972,0
9710,0
2929,0
4158,0
1453,0
4140,0
10361,0
9518,1
5830,0
219,1
506,0
9529,0
2626,1
9611,0
2093,0
188,0
11502,0
10904,0
6749,0
5615,0
7925,1
320,0
10058,0
8064,0
7203,0
2357,1
5959,1
8503,1
1559,0
1496,1
6894,0
10594,1
4167,0
12110,0
12015,1
5167,0
9328,0
8416,1
4615,1
9894,0
9616,1
8981,0
9278,0
2109,1
12220,0
4294,1
3368,0
8933,1
2377,0
5918,0
6740,0
7284,0
3653,1
5462,0
6954,0
10393,0
122,0
549,0
9693,0
9794,0
5037,0
7858,0
8901,1
10993,1
7875,1
624,0
2951,1
1824,0
372,0
3755,0
10245,1
7764,1
2561,1
8297,0
7612,1
8753,0
3032,1
6505,0
7342,0
11319,1
12012,1
7204,1
1935,0
2110,1
1461,0
11635,1
547,1
9735,0
9006,1
11603,1
5319,0
6715,1
12058,0
215,1
629,1
2778,1
4600,0
9381,1
2208,0
10726,1
10099,0
6263,0
1351,1
8151,0
3448,0
8414,1
668,0
5153,0
3258,0
44,1
6094,1
8843,1
8264,1
7907,1
7574,1
7387,0
11028,0
11633,0
6703,1
11712,0
8211,0
106,1
4572,0
1725,1
3950,1
7670,0
2333,1
10997,0
7117,1
4505,1
7485,0
5123,1
3751,0
9204,1
260,0
5700,1
11827,1
8367,0
4748,1
4932,0
5182,0
9407,1
6295,1
2426,0
975,0
1709,0
2225,0
1013,0
1760,0
1085,1
8382,1
282,1
1759,1
7380,0
2023,0
3166,1
1678,1
1407,0
68,0
7199,0
5614,1
2324,1
11,0
5460,0
7482,0
7601,1
3896,0
8994,0
7674,1
6368,1
3451,0
8321,1
11397,0
2289,0
888,0
6299,0
6889,1
9519,0
202,0
11324,1
7995,1
812,1
11068,0
1924,1
5241,1
2492,0
10736,1
3904,1
8854,0
6743,0
409,0
5634,1
10125,0
6595,0
8799,1
9127,0
6557,0
6229,1
4751,0
11843,1
9422,0
2536,0
9799,1
8655,1
676,0
10670,0
8510,1
6458,1
1674,1
3749,1
6029,0
3714,1
1870,0
1314,1
10455,1
7032,0
6617,0
10045,1
3743,0
1195,1
10893,0
10952,1
1100,0
5339,1
9308,0
4668,1
10731,1
10846,0
9253,1
1506,1
4145,1
942,0
4105,0
3434,1
6537,0
5681,0
9730,0
12416,1
783,1
3012,0
9547,1
4579,0
6403,0
8686,1
724,1
9026,1
5386,0
6358,0
3071,0
10664,0
7867,0
2547,1
7643,0
2969,1
6961,0
210,0
6159,0
144,1
11107,0
2702,1
1903,1
5196,0
10714,1
12171,0
8198,0
772,0
1926,1
5745,0
8776,0
6212,0
7250,0
5663,0
11269,1
3552,1
3147,1
11437,0
9919,1
3206,1
11868,0
5853,1
7851,1
10173,0
5505,1
5289,1
9937,1
771,0
6966,0
10998,1
8393,0
8379,1
4267,1
9924,0
5225,1
7381,0
913,1
4691,1
3757,1
467,1
12196,1
12333,1
11396,0
8531,0
381,1
522,0
604,1
5620,1
5485,1
12032,0
1823,0
714,0
5648,1
9746,0
3353,0
4431,0
11470,1
11528,0
8917,1
2173,0
12389,0
11610,0
780,1
12425,1
3444,0
2040,1
1056,1
7234,1
3271,0
4342,1
12228,1
416,0
5259,0
62,1
6457,1
11546,0
10122,0
12388,0
5456,0
6788,0
6695,0
11510,1
10704,1
9694,1
4121,1
11230,1
10236,0
9085,1
5146,1
3394,0
6981,0
9012,0
5275,0
4694,0
10578,1
353,1
889,0
1328,1
890,0
2160,0
11095,1
8687,1
5254,0
5878,1
3390,0
3341,0
4992,1
2378,1
4831,0
3007,1
3791,0
5603,1
7803,1
177,0
8343,1
6716,1
7899,1
10081,1
2379,0
9640,0
8133,0
11301,0
1879,0
5851,0
6561,0
8995,1
6650,1
4949,1
2752,1
179,0
4302,1
9103,0
4469,1
212,1
6809,1
11179,0
1282,0
4149,0
3600,1
576,1
8099,0
5419,1
12439,1
3461,0
10306,1
2227,1
5049,1
3516,0
1714,1
11555,1
1724,0
1511,0
2001,1
283,0
4675,1
9667,1
1976,1
5214,0
10145,0
11640,1
10712,1
7578,0
7694,1
12393,0
513,1
8908,0
3106,0
1574,1
8598,0
2555,1
1959,0
6305,1
12446,0
7503,1
3431,0
12307,1
1961,0
9266,1
2771,1
6501,0
7775,1
6991,0
4146,0
11376,0
4852,1
1647,0
4225,0
5492,1
6938,1
7092,0
10359,0
2991,0
1723,0
4259,1
9909,0
9760,0
8660,0
4485,0
5148,1
10881,1
63,0
3774,1
2498,1
9812,0
11700,0
1208,0
9039,0
2755,1
6752,0
2262,1
8340,0
8771,1
11954,1
6153,0
8600,1
2532,1
9479,1
674,0
10334,0
1586,0
2107,1
2545,0
12499,1
12334,0
7132,1
10168,0
11273,1
311,0
7797,1
11282,1
10500,1
8990,1
1538,1
11998,1
6249,1
7759,0
3156,0
3533,0
4755,1
1267,1
4995,0
3864,0
7794,0
2852,0
11757,1
6036,0
10273,1
5713,0
9885,1
2965,0
3139,1
9393,1
10974,1
9331,0
5573,1
10322,1
8620,1
4268,1
2503,0
301,0
4594,1
348,1
3049,0
2881,1
10178,0
10522,1
3299,0
6997,1
2204,0
7134,1
10180,1
8781,0
8163,0
9292,0
11231,1
698,0
423,1
6453,1
3344,1
9421,1
7490,1
9161,1
1427,1
5365,0
5035,1
10185,1
3266,0
9045,1
4425,0
5644,1
10473,1
518,1
5941,1
3778,1
10047,1
4261,1
5923,0
12137,0
3906,1
12495,0
8384,1
6773,0
10871,0
6871,0
1670,0
7053,1
3129,1
8122,1
587,0
7161,1
2373,1
923,1
6820,1
10788,0
9969,1
9737,0
9562,0
3975,1
5273,1
7839,1
6780,1
6079,1
7737,1
9711,0
6090,1
712,1
9176,0
1590,1
10690,0
879,1
9196,0
6464,1
11547,0
2301,1
2741,0
11341,0
9832,1
5443,1
519,0
4640,1
11522,1
9527,0
11850,1
9428,1
226,1
7423,1
7763,0
8068,0
9414,1
3033,0
11985,1
9088,1
3362,1
8484,0
10164,1
8338,0
10339,1
6618,0
2396,0
6138,0
11431,0
11526,1
10519,0
11561,1
11767,1
128,0
6732,1
10212,0
12377,1
5403,1
4428,0
11224,1
1973,0
7182,0
6738,1
6996,0
5471,1
5239,1
9912,1
2292,0
10014,0
1422,0
7295,0
6869,1
8345,0
2156,0
2604,1
1717,0
4260,1
6179,0
8537,0
5676,0
3901,0
10678,0
5995,1
709,1
2631,1
3780,1
442,0
1787,1
3435,1
10377,0
7162,0
355,0
1387,1
11851,1
3766,0
3671,0
5066,1
1106,0
4363,0
8623,0
7491,0
2639,0
4768,0
10526,1
7516,1
4012,0
196,1
11462,1
9573,1
1154,1
4148,1
8199,1
9603,0
11560,0
12254,1
5340,1
6884,0
8764,0
11246,0
10910,0
100,0
8500,0
4033,1
3383,0
4235,1
8763,0
1703,1
7767,0
2846,1
7248,1
627,0
9244,1
180,0
5502,1
2910,1
747,1
3750,1
9637,1
4387,0
7270,1
11696,1
4174,1
6636,1
153,0
12271,1
447,0
3692,0
11172,0
4287,1
9801,0
642,0
7216,0
7722,0
82,0
2077,1
10460,0
8690,0
10629,1
4249,1
3189,1
7068,1
3077,0
10243,1
6651,1
11274,1
1766,1
8706,1
7846,0
1919,1
6240,1
1112,0
1882,1
1936,1
1900,0
308,0
222,1
3507,1
834,1
11466,1
8313,0
4417,1
3308,1
1825,1
5314,1
9394,1
1403,1
2533,1
8852,0
5207,0
1874,1
11679,0
11787,1
3179,0
183,0
1564,1
7681,1
2415,0
10486,0
7106,1
5537,0
5269,0
6746,0
755,0
4986,1
9882,1
4789,0
10342,1
7364,1
11398,1
4405,1
252,0
2139,0
11948,0
12006,1
5569,0
1306,1
1180,1
5007,0
11977,1
4466,0
7267,1
9834,0
3389,0
7889,0
10745,0
869,0
11837,1
2418,0
2196,1
1687,1
239,0
6817,1
10157,0
5515,1
3276,1
12372,1
11361,0
7939,0
11943,0
7976,0
9623,0
10681,0
12159,0
333,1
779,1
4561,0
5516,0
2044,0
4327,1
7509,1
789,1
4490,1
11033,1
3116,1
3426,0
7882,0
10223,0
3239,1
533,0
1806,0
12471,1
11521,1
5672,1
2506,1
3089,1
2207,0
2096,0
10676,1
6470,0
6166,0
3970,1
3818,1
1850,0
11995,0
8326,1
2570,0
1369,1
11816,1
11472,1
10076,0
4795,1
4070,0
6990,0
12316,1
5962,0
1583,0
2842,0
9256,0
6969,0
10154,1
5763,0
5840,0
9486,0
8592,0
6549,1
9495,1
11150,0
3008,0
7470,1
2480,0
9545,0
11580,1
178,1
3460,0
3596,1
6797,1
1819,0
9257,1
4782,1
3016,1
3489,0
398,0
8903,1
10452,1
9313,0
6653,1
4876,1
5677,1
12319,0
8793,1
2662,0
5945,0
3369,0
2585,0
10720,1
2053,0
11545,0
11594,1
7448,1
2022,0
2216,1
10341,0
11885,0
8631,0
12370,1
1068,1
10438,1
6173,0
12045,0
5836,1
2990,1
11623,1
9214,1
2452,1
7062,1
11344,1
6915,0
2259,1
3392,0
6787,1
11258,1
2939,1
12321,1
3859,0
3398,0
192,0
10171,0
2123,1
5954,0
4712,0
6918,1
5867,0
2419,0
2459,1
7285,1
8594,0
560,1
3340,1
6605,0
10295,0
7471,0
8650,1
9660,1
2374,1
10257,0
6791,0
7988,1
9546,1
2603,0
819,1
1548,0
2890,0
3614,0
8679,0
7265,1
9561,0
8251,1
6020,1
6619,1
12469,0
8577,0
164,1
1212,0
5774,0
10630,0
2612,1
10152,0
5813,0
9773,0
3360,0
11782,1
9854,0
8459,0
10395,1
6327,1
1029,0
110,1
1623,0
43,1
1304,1
9507,0
8058,1
6684,1
3547,0
9415,1
104,0
6015,0
3407,1
9789,1
6257,1
4352,1
2148,1
7680,1
4176,1
3618,0
5327,1
11426,1
10508,0
11013,1
4125,1
6133,0
10406,1
9896,0
7908,0
6292,0
8206,1
6494,0
2079,1
11094,0
9448,1
9865,0
1313,0
3452,1
6528,0
7158,1
10491,0
1046,1
6025,1
7226,1
11543,0
6602,1
439,1
10382,0
11225,0
6818,1
10109,0
5445,0
151,1
5531,1
1288,0
10323,1
10397,0
438,0
9377,1
9002,0
12420,0
2100,0
9729,0
11401,0
131,1
4977,0
315,1
7978,0
6172,0
9959,1
9061,1
3104,0
4378,1
2785,0
9923,0
920,0
7173,0
61,0
6103,1
3575,0
3124,1
603,0
8587,0
1140,0
5183,0
7125,0
2152,0
411,1
3217,1
12293,1
5669,0
5585,1
5919,1
9488,1
10475,0
407,0
4838,0
8814,0
7598,0
8549,0
9890,1
9491,0
5247,0
12292,1
10188,0
6143,0
16,0
4379,0
8021,1
11703,0
503,1
11078,0
8625,0
6968,0
5942,0
6013,0
7408,0
10889,1
6625,0
4746,1
5377,1
5161,0
2819,0
7930,1
6888,0
5237,1
472,0
11820,0
10506,0
9320,1
5655,1
11020,1
7222,0
2808,0
8190,1
10240,0
6509,0
10485,1
9022,1
6662,1
8774,0
5886,1
5509,1
8878,1
8863,1
2646,0
3479,1
9759,0
7502,1
7314,0
11248,1
7042,1
12286,0
251,1
5238,1
4812,1
12288,1
9625,0
1109,0
3613,1
2659,0
2104,1
8029,1
8194,1
11321,1
8173,0
9641,1
3094,1
7065,1
10348,1
8914,0
295,0
9886,1
10945,0
8864,1
6033,0
5493,1
12007,1
11656,1
12145,1
9427,1
7515,0
1856,1
1814,1
71,1
2230,1
5283,0
4529,0
8844,0
8653,1
3054,0
1664,0
12186,1
7943,1
8741,0
5963,0
1079,1
8868,1
12052,1
2757,1
6868,1
4411,1
2931,1
9464,0
3783,1
10050,0
4653,0
8499,1
8106,0
5990,1
3782,0
7929,1
10727,0
2507,1
914,0
10703,1
67,1
1542,1
5605,0
9136,1
3361,1
4472,0
5431,0
7606,1
9831,0
5527,1
4622,1
1931,1
8376,0
12104,0
6321,1
1173,1
5734,0
3001,1
10135,1
15,0
6821,1
3109,1
3091,0
1319,1
7928,1
2628,1
12484,0
3510,0
6155,1
3347,0
8049,1
1972,1
10674,0
4763,1
6469,1
10567,1
526,0
92,0
830,0
8665,0
10728,0
2709,1
11190,0
10784,0
9911,1
7293,1
11257,1
7642,1
7904,0
9262,0
3959,0
11227,1
8652,0
6804,1
1285,0
2346,0
8920,1
2500,0
1218,1
858,0
8056,1
5936,1
10570,1
288,0
4371,0
11447,0
10969,1
4307,1
5452,0
3425,1
595,1
5744,0
5154,0
6676,1
4510,0
11061,0
11584,1
5979,0
1232,1
2541,1
6504,0
9280,1
11503,1
11544,0
8322,1
3138,1
10008,0
5715,1
3848,0
7142,1
5710,0
12421,1
4542,1
6784,0
4725,0
2862,1
10568,1
2175,1
11655,1
3126,0
9662,0
10435,1
6149,0
11141,1
4611,0
5511,0
7497,0
5036,1
7148,1
7719,1
10616,1
9285,1
3041,1
10484,1
11642,1
9652,1
11777,1
11012,1
5133,0
2159,1
6751,1
7537,0
3971,1
11753,1
5784,1
1712,0
1082,1
7748,1
11328,0
4360,0
12131,1
5781,0
2596,0
10222,0
10866,1
1040,1
1260,0
7770,0
11480,0
3118,0
7701,1
7455,1
11381,0
3429,0
3633,1
662,0
8172,0
2261,1
9498,0
989,1
11947,0
9850,1
9148,1
6512,1
6530,1
1764,1
9219,0
7055,1
2504,1
10160,0
5783,1
8454,0
5601,1
2038,1
886,0
9895,1
959,0
5399,1
11666,0
8819,1
11836,1
11166,0
2387,0
11882,1
5712,0
8363,0
9577,1
9797,1
12194,0
181,1
3606,1
4621,0
11650,1
1413,0
10285,1
6729,1
1549,1
5413,1
8502,0
5929,1
2250,1
2960,0
261,0
7390,1
3261,1
31,1
10795,1
2591,0
5258,1
12500,0
5001,0
6875,0
695,1
987,0
4836,1
6924,0
1215,1
11317,0
1248,1
6677,0
3648,1
3913,1
5858,1
2962,0
5474,0
8457,1
6066,1
6654,1
7602,0
10309,0
7220,1
7640,0
993,0
6534,0
11704,0
9389,0
4638,0
7545,1
8635,1
9183,0
8358,1
4324,0
361,1
8694,1
11892,1
9217,1
10806,1
1385,1
10556,1
6897,0
2606,1
2220,1
11116,1
3478,1
8448,1
8304,1
10611,0
7909,1
3155,1
242,0
5775,0
11252,0
6992,1
1011,0
6606,1
5073,1
3081,0
2900,1
2544,1
1357,0
10785,0
7861,0
277,1
4855,0
2013,0
2647,0
7401,0
6873,0
8088,1
11618,0
1365,1
7970,0
11096,1
3202,1
2972,1
3413,1
4833,0
9536,1
804,0
5116,1
5043,0
10112,0
6110,0
6555,1
10621,0
798,1
10466,1
7127,1
10490,1
11046,1
3277,1
616,1
4656,1
11406,1
8435,0
220,1
6108,1
4338,1
11429,1
4166,1
10465,1
2320,1
4965,1
7487,0
10879,1
4329,0
3441,1
5973,1
105,0
974,0
3294,1
3803,1
5814,0
3505,1
9418,0
6826,0
8627,0
6064,0
3197,0
2114,1
286,1
6247,0
2164,0
1863,1
5826,0
8536,0
3853,1
9105,1
3706,1
4865,1
3038,1
12077,0
10634,0
11055,0
485,1
1087,1
5885,1
9215,0
9248,1
10739,1
6789,0
5464,1
1675,0
12365,1
2758,0
2122,1
6244,0
10801,0
11455,0
5870,0
3167,0
11452,1
421,1
12428,0
12478,1
6890,0
10845,1
8152,0
7466,0
6387,1
9817,1
8726,0
12115,0
3404,0
3756,1
9066,1
2801,0
7645,1
5722,0
1790,0
8120,0
1450,0
10922,0
1604,0
3056,0
6632,1
4546,1
146,1
6957,0
10642,1
9531,1
8246,1
4204,0
2349,0
4665,1
11645,1
8701,0
1902,0
9129,1
4900,0
495,1
405,0
6838,0
2153,0
3809,1
9494,0
3229,1
7538,1
12138,0
5329,0
4283,0
1258,0
3729,0
6623,0
9962,1
6389,1
8975,1
4820,1
6929,1
9309,0
1487,1
10814,0
1692,1
664,0
9274,1
9646,1
4129,1
10388,0
9811,0
6622,1
1376,1
9232,0
4861,1
739,0
622,0
2127,1
1998,0
2150,0
25,0
6058,0
7950,0
10108,1
6896,0
6026,1
5242,1
9779,1
481,1
11035,1
7441,0
1398,0
1010,1
5758,1
3036,0
3861,0
9206,1
696,0
10637,0
6142,1
9707,1
805,1
9117,1
4658,0
8574,0
4543,1
5293,1
9223,0
8395,0
1505,0
7672,0
5935,1
1597,0
2043,0
7546,1
11576,1
2155,1
597,1
3237,1
2035,1
10289,0
5402,1
9628,0
1962,1
8950,1
5046,1
11331,1
5579,0
2215,1
7782,0
6844,1
8934,1
11620,0
5881,1
11066,1
8427,1
11059,0
11014,1
6547,0
7613,1
7444,0
8517,0
10581,1
6979,0
6311,0
2525,0
12037,1
11482,1
8446,0
6004,1
9056,0
1235,1
307,1
9748,1
11010,1
4804,1
2056,1
397,1
12361,1
5842,1
907,1
2180,1
632,1
4940,1
10733,1
7044,0
4233,0
4055,0
8935,1
9120,0
7136,1
2831,0
761,1
2822,1
11673,1
5772,1
12223,0
2183,0
9742,1
1420,1
9864,0
5208,0
6085,1
8633,1
7445,1
7631,1
5459,1
10966,1
8734,0
8027,1
3708,1
4863,0
7762,0
8707,1
9476,1
8888,1
3761,1
2049,0
2240,1
937,0
8613,1
2232,1
8306,1
7479,1
7087,0
3013,1
11520,1
1007,1
9199,1
4907,0
6214,1
4584,0
3332,0
3840,0
3832,0
8664,1
1921,0
5356,0
10943,0
7237,1
2465,1
12368,0
9563,1
11122,0
7726,0
4488,0
332,1
6587,0
7215,0
8528,1
6511,1
4571,1
994,0
11538,0
4067,1
7460,0
3541,0
1892,1
8060,0
7157,1
8968,1
89,0
1918,1
1775,0
4924,1
8177,1
3605,0
3144,0
6239,0
7232,1
8720,0
7921,0
12125,1
6204,0
850,0
5572,1
9218,1
4203,1
3887,0
9830,1
11772,0
11343,1
12024,1
8037,1
5187,1
1278,0
7481,0
9863,0
9385,0
6388,1
4655,0
11693,1
3387,0
10891,0
10403,1
3707,1
8875,0
2854,0
2322,1
3325,1
3476,0
4966,1
7785,1
1371,0
9052,0
7403,0
4462,0
2476,1
3624,0
4644,0
4740,0
1742,1
1253,1
9131,0
4847,1
2276,1
4426,1
271,1
9360,1
8974,1
2851,0
5063,1
1820,0
4717,1
445,1
11213,1
3262,1
2428,1
475,1
12323,1
5195,0
9075,1
10857,1
6098,0
3738,0
163,0
9094,0
6976,1
12397,0
9417,1
7519,0
12206,1
256,0
10677,0
10046,1
7072,0
3200,1
10699,1
7789,1
8400,0
11946,1
5770,1
3517,0
4258,1
10903,1
6329,0
963,1
5349,1
8305,1
9298,1
9100,0
740,0
11234,0
1646,0
793,1
12412,1
7734,1
7915,0
7774,1
12373,0
1410,0
11806,1
1771,0
7647,1
9806,1
10747,0
8945,0
2154,1
3086,1
3800,0
11100,1
1198,0
1854,0
5733,1
3253,1
8689,0
12378,1
2730,1
10941,0
6998,0
8849,0
605,0
6718,1
1599,1
3817,0
10709,1
8166,0
7637,1
10719,1
1083,1
6744,1
11653,0
9829,1
8290,0
8817,1
5832,0
2608,0
3096,0
5202,0
10390,1
1617,1
5310,1
8733,1
4523,0
9500,1
4886,0
6486,0
9876,0
8902,0
10121,0
8922,0
484,0
10779,0
3884,1
360,0
8193,1
10320,1
3331,1
3396,1
7752,1
5053,0
8672,1
4450,0
8380,1
9764,1
5415,0
1041,0
11362,0
1672,1
11975,1
9525,0
5622,0
7864,1
10780,0
449,0
10540,1
7668,1
4923,0
2932,1
7333,1
2249,1
1980,1
7721,0
11493,0
5795,1
5728,0
3346,0
8335,1
5159,1
1695,0
670,1
11643,1
8757,0
4950,1
12185,0
11312,1
4632,0
470,1
12283,0
6719,0
10882,0
10571,1
11022,0
12324,1
8673,1
9666,0
7334,1
9946,1
10126,0
4254,0
6208,1
9379,0
6682,0
2485,0
9332,0
9847,1
5666,0
12047,0
6219,1
12068,1
5472,0
8048,1
10612,1
3928,1
5468,1
2849,0
8009,0
4383,1
396,1
9366,1
6177,1
2015,0
7569,0
4764,0
10422,0
2283,0
5371,1
707,1
11549,0
10449,1
8913,1
4272,1
9541,0
9663,1
6140,1
10447,1
4674,1
6290,1
7686,0
831,0
742,1
3616,0
2887,0
10618,0
5779,1
5162,1
9467,1
10215,0
8051,1
7093,1
3865,0
9438,0
2039,1
10448,1
10861,1
11565,0
3537,1
9466,0
11867,1
3662,0
11559,0
3625,1
6671,1
1730,1
8301,1
10951,1
3222,1
287,0
751,0
3463,0
5965,1
9645,1
4714,1
2125,0
4953,1
1366,1
5446,1
5176,1
7567,1
2168,0
6907,1
6806,1
1390,0
3306,0
5760,0
11133,0
1108,1
11597,0
4605,0
5637,0
6529,1
12290,1
4483,1
125,0
2217,1
2092,1
8524,0
6309,1
6314,0
11338,0
11385,1
10502,1
516,1
1909,1
12216,0
10286,0
8496,1
637,1
12278,1
5014,1
11092,1
11577,0
1797,1
12354,1
7963,1
1096,0
6355,1
919,0
11175,1
7363,0
8677,1
8619,0
6118,0
10316,0
6484,0
1090,0
10515,0
588,1
3987,1
11152,1
12255,0
4459,0
2861,1
10927,1
6083,0
11310,1
11241,1
54,0
6191,0
8135,0
5967,1
11533,1
6448,1
9397,1
4750,1
7418,0
2966,0
6612,0
4001,1
8388,1
7604,0
2231,0
2857,0
2892,1
3815,0
6621,1
3028,1
1089,1
4538,0
7957,0
7202,0
3442,1
10005,0
10407,0
50,0
8067,1
8141,0
6510,1
1161,1
10803,0
4343,1
8052,0
3682,1
11436,1
687,1
8821,1
3432,1
1383,0
2108,0
1028,0
9155,1
8456,0
2923,1
11617,1
5720,0
4796,0
7302,0
960,1
6202,0
8371,0
8257,0
2136,1
209,1
7507,0
7595,1
7946,0
4659,0
12204,0
1562,0
2577,1
7678,1
5210,1
2012,0
478,0
8603,1
7031,0
2740,1
3543,0
1148,0
8300,1
5440,1
10384,1
7696,1
10597,0
7886,0
9078,0
2745,1
8084,0
8647,0
2416,1
1999,0
3283,0
7910,0
1438,0
382,0
911,0
10232,1
6943,0
7348,1
1534,1
2721,1
1745,0
9450,0
8353,0
3291,1
4192,1
3999,0
3582,1
5766,0
2066,0
11353,0
1178,0
3073,1
3165,0
7214,1
4964,0
5246,0
1794,1
4092,1
5203,1
1753,1
9712,1
5276,1
1343,1
924,0
12410,0
8327,1
1200,1
3243,1
9544,0
4115,0
563,0
2264,0
10912,1
11616,0
5197,0
10220,1
6152,0
1402,1
6860,0
10600,1
6759,1
6265,1
10543,0
8115,0
2707,0
200,1
10650,0
12498,1
4068,0
4163,0
12301,0
12265,0
9439,0
1638,1
10088,0
9346,1
6220,0
157,0
11170,1
8710,0
581,1
7750,1
4253,0
11809,1
9692,0
11377,0
1914,1
2875,1
505,0
11725,1
8230,1
5491,1
3849,1
3098,0
2987,0
3813,0
8801,0
2247,0
3330,0
5680,1
8042,0
11936,0
10156,0
7865,0
4961,0
8107,0
6324,0
3226,1
8514,0
10331,0
11833,1
12238,1
7633,0
7683,1
6899,1
1312,1
7253,0
10729,0
4357,1
4137,0
982,1
652,1
11903,0
8571,0
130,1
1353,1
10503,1
11938,1
2354,0
3591,0
10948,0
227,1
6643,1
11588,0
9776,1
7437,0
5388,1
5553,1
7352,1
8462,0
1531,1
6175,1
7781,0
6444,0
3868,0
11105,0
645,0
628,0
11474,0
3218,0
3181,1
8458,1
5051,0
9444,0
6726,0
9046,0
5564,0
6414,0
7074,1
7985,0
10420,1
8735,0
10064,0
5877,0
10557,0
2059,0
1111,0
8098,1
496,1
3538,1
5280,0
5357,1
7167,0
9246,1
10981,0
794,1
4018,0
8434,1
5636,0
3279,1
1292,0
6018,0
9718,0
7772,0
8669,0
1224,1
2735,0
9951,0
1275,1
6959,0
7004,0
11435,1
6591,1
8909,0
9229,0
9994,0
997,1
5031,0
11602,1
2988,1
7430,1
6136,0
4758,0
758,0
956,1
4124,0
9921,1
176,1
5788,0
12101,0
9716,0
3289,0
8890,1
10599,1
6180,1
9704,0
5309,0
8744,0
10367,0
9365,1
4531,1
9956,0
414,0
428,0
8423,1
4844,0
3569,1
3240,1
932,0
5542,0
11682,0
6205,0
11228,0
12229,1
6362,0
5347,1
8612,1
7594,1
1896,1
12192,1
2112,0
12477,1
3583,0
9023,1
4159,0
342,0
2342,1
6952,1
5185,0
7708,1
10817,0
4778,1
2515,1
8683,1
2656,1
2775,1
7857,0
4564,1
9705,0
9368,0
11278,1
744,1
2258,1
1613,0
10654,0
1869,0
6281,1
977,1
5267,0
5704,0
4275,1
191,0
9657,1
1603,0
357,0
3433,1
12113,1
3943,1
9524,1
5029,0
2613,1
502,0
10001,0
12199,1
12025,0
4874,1
8508,0
6095,0
2296,0
8208,1
5222,1
6721,1
6366,0
5150,1
7498,0
9687,1
10230,1
6935,0
3527,1
10592,1
870,1
8210,0
6518,0
8759,1
11416,1
8573,0
10462,0
9147,0
12210,0
2620,0
1102,0
1361,0
9559,1
4135,1
8017,0
2592,0
5083,0
8143,1
1501,1
2467,1
928,0
9897,0
1039,0
8859,0
4246,1
7820,1
10959,1
10679,0
6367,1
3260,1
11075,0
7876,1
4030,0
5631,1
12009,1
11445,1
3731,0
40,0
12227,0
1233,0
8031,1
7832,0
2605,1
3178,1
4536,0
9892,0
5687,0
7356,0
1442,0
634,0
6438,1
404,0
6688,1
12215,0
8811,0
4300,1
10386,0
6709,1
12317,0
8983,1
4549,0
3275,0
3135,0
731,1
6876,0
10345,1
2270,0
8055,1
1237,1
1482,1
2422,1
9926,1
12454,0
4595,0
2623,0
5933,0
9910,1
11042,0
6898,1
3027,0
2793,0
9207,1
2162,0
11750,0
1569,1
4043,1
4962,1
5145,1
10800,0
4988,1
2922,0
5418,1
8062,0
5173,0
2402,1
7006,1
11685,0
8769,0
5425,1
1430,1
2520,1
10710,0
10648,1
9279,1
1873,1
5964,1
241,1
7824,0
3669,1
10864,1
11374,0
4585,0
612,1
2583,1
3484,1
1608,1
8013,0
4636,0
5050,1
7146,0
2158,1
6169,1
5144,1
2031,0
1857,0
262,1
1436,1
7802,0
7164,0
3233,0
6024,0
4182,0
9869,1
9632,0
2427,0
594,1
4231,1
10267,0
9538,0
2938,0
5755,1
2765,0
5616,0
7039,0
4769,0
12081,0
10319,0
2033,1
7118,1
6217,1
7508,0
10299,0
9668,0
8850,0
12382,1
6009,0
7757,0
2472,0
6763,1
4381,1
540,1
539,0
9990,0
929,0
1192,0
7496,0
8836,0
1015,0
5892,1
3245,0
10098,1
9305,0
4604,0
995,0
9049,0
554,0
8775,1
10753,0
3838,1
12030,0
5094,1
10816,1
8558,0
6116,1
4533,0
8830,0
6570,0
9197,0
11955,1
7313,0
11058,1
11194,0
723,1
2195,0
3304,1
12243,0
4516,1
7378,1
3196,1
12000,1
5091,0
8770,0
10385,1
7327,1
11681,1
9732,0
943,0
969,1
1389,1
8919,1
1250,1
4303,0
8118,1
1386,1
1318,1
275,0
7115,1
8736,1
11443,1
248,0
1220,0
6974,0
7323,1
11957,1
2687,0
10924,1
3191,0
6562,1
4017,1
5757,0
4582,0
7393,1
1862,0
8855,1
10626,0
8880,0
7360,0
5591,1
4918,0
2607,0
719,1
10369,0
487,0
1002,1
6847,1
4130,1
4157,0
9469,0
2663,1
6326,0
4226,0
6785,0
5404,1
8006,0
10368,1
626,1
9975,0
11284,1
10649,0
6637,1
8189,0
6260,1
2551,0
4402,0
2542,0
5538,0
7085,1
8026,0
4933,0
7178,0
3143,1
6047,1
10078,1
6904,0
11422,1
10544,0
5871,0
4967,0
938,0
5852,1
4845,0
8007,0
9856,0
955,1
561,0
3672,0
11825,0
2094,1
11363,1
9300,1
11307,0
9211,0
8637,1
6705,0
4019,0
4003,0
4063,1
979,1
9053,0
8942,0
5103,0
10488,1
9343,0
5746,0
2385,1
350,1
2609,1
7414,0
7548,1
116,0
7954,0
3869,0
11644,0
9299,0
11009,0
12166,0
4975,0
559,1
9739,0
6185,0
556,0
1528,0
12031,0
589,0
7993,1
4509,0
5777,1
9452,0
916,1
8038,0
4996,0
5494,1
343,0
8921,0
6841,0
8236,0
2194,1
10773,1
2032,0
419,0
12083,0
9539,1
12359,1
140,0
4624,0
4784,1
98,1
996,0
11628,1
11459,1
6454,0
8266,1
3419,1
2116,0
8022,0
5072,1
8676,1
11622,0
11294,1
11004,0
9908,0
10965,0
3977,0
2781,0
10521,0
9036,1
3483,0
4419,0
1301,1
6332,1
3399,0
2255,1
2132,0
9738,1
4197,1
3204,1
558,1
9554,1
10170,0
7084,0
5869,1
2284,1
1473,0
5808,1
6061,1
9090,0
8788,1
566,0
7924,0
7359,1
7638,0
7732,1
5800,0
2538,0
1432,1
11081,1
10132,0
4442,0
10253,1
7428,0
1683,0
7007,0
1113,0
12326,1
7755,0
2102,1
7486,0
3710,0
2719,1
7971,0
11220,0
770,1
5295,1
11451,1
12176,0
5069,1
12298,0
675,1
1516,1
4773,1
5802,0
1480,0
10811,1
11079,1
1394,0
12040,1
10805,0
11052,0
9791,0
11889,1
4802,1
2963,0
3728,0
11421,0
7738,1
11660,1
8044,0
12426,0
12096,1
8967,0
2943,0
10225,1
9007,0
10162,1
579,0
4313,0
1242,1
5981,0
9270,0
619,0
9044,1
2759,1
1791,1
2970,1
11420,1
281,1
5909,0
9463,0
2864,1
11991,0
9456,1
7651,0
6783,0
11906,1
2410,0
2178,0
1803,1
11490,1
12411,0
3555,0
3680,1
9972,0
11692,0
8127,1
3747,0
4805,1
9,0
11255,0
10362,0
5896,0
3380,1
2384,1
1630,1
11399,1
12374,0
3498,0
7049,0
8328,0
4738,0
10580,1
5038,0
6886,1
3282,0
7034,1
9820,0
9157,1
3023,0
6878,0
4453,1
2106,0
1121,1
2081,1
4319,1
8182,1
5170,0
601,1
9121,0
6455,1
3888,0
5686,0
9443,1
3345,1
773,1
4747,0
1437,1
9630,1
9633,0
1736,0
5067,1
3497,1
9784,1
10809,0
6365,1
7913,1
12329,0
2611,0
6536,1
10492,1
5097,0
613,0
12202,0
1888,1
4559,1
9284,1
2224,0
9767,1
7322,0
11619,0
12118,0
12281,1
2618,1
2336,1
10963,1
5370,1
4731,1
443,1
878,1
8288,1
10586,0
8938,1
10848,1
9670,0
9440,0
5855,1
10205,0
2451,1
11857,0
6284,1
507,1
3660,0
2448,1
2814,0
11119,0
5856,0
300,0
3242,0
1000,1
440,1
8777,0
141,0
11815,1
12258,0
5769,0
8074,0
9756,0
4222,1
1276,1
6352,0
10069,1
534,1
7022,0
1522,0
2406,1
8813,0
10546,0
7747,1
7599,0
7703,0
9228,0
10878,0
7336,1
2074,0
10120,0
3737,1
6170,0
844,1
820,0
452,0
10683,1
5090,1
1266,0
11196,0
7207,0
7090,0
9264,1
9673,1
5716,0
7473,0
2413,0
5336,0
8802,1
10068,0
6391,0
6224,1
3936,1
12141,0
10737,0
10366,1
4910,0
11440,0
8505,1
3683,0
6916,1
9753,0
12246,1
6914,1
11261,1
1846,1
6181,0
1036,0
10127,1
1155,1
10106,0
9740,1
1876,1
3777,0
10096,1
874,1
11886,1
4467,1
12152,0
6755,0
523,1
2323,0
6527,1
7043,1
4697,0
4205,0
7310,0
5887,0
11454,1
9290,1
4022,0
2020,0
8215,1
8238,1
12109,0
10615,0
6902,1
11759,1
2389,1
11953,1
4064,0
8258,1
6645,1
8002,0
5096,1
8640,0
6042,1
8205,1
965,0
6877,1
981,1
8822,1
843,1
10211,0
12048,1
6413,0
5383,1
8452,0
2453,0
9104,1
6269,0
7554,1
8643,0
4136,1
532,0
2063,1
5559,0
846,1
10659,1
11063,1
7399,1
7711,1
3095,1
9106,1
3709,1
7244,0
9731,1
9351,0
5694,1
6984,1
11507,0
5530,0
6610,1
10151,0
9449,1
1510,1
3348,0
11516,1
543,0
10906,0
3588,1
5338,0
8437,0
1810,1
1956,1
1584,0
3663,0
10994,0
9175,1
3495,0
8359,0
8858,0
12485,0
11157,1
3889,0
7239,0
5838,0
3647,0
4709,1
871,1
3163,0
3870,1
4891,1
11031,0
8089,1
6799,1
11498,0
8588,1
11672,0
2980,0
5595,1
7077,1
4736,1
8678,0
537,0
5102,0
750,1
2151,0
9556,1
6862,1
4047,0
11910,1
2244,0
8129,0
2708,0
5353,0
9915,0
120,0
4722,0
1807,0
8295,0
574,1
3458,0
4646,1
318,0
9998,0
7051,1
9318,0
1286,1
3608,1
3874,1
6471,0
330,1
6659,1
9062,1
9802,0
1694,0
1847,0
4619,1
6525,1
9077,0
6099,0
9454,0
4673,0
8136,1
9338,0
10110,1
201,1
9432,0
7885,1
1421,0
203,1
10757,0
1296,0
11988,1
6781,0
2979,0
4330,1
1905,1
3254,0
7533,0
12341,1
11981,0
2635,0
3160,1
8430,0
2212,1
8832,0
149,0
1073,0
5278,0
4829,0
329,0
1281,0
7949,1
6334,0
11664,0
6178,1
10897,1
2185,1
7966,0
6580,1
6778,0
11662,0
11271,0
7735,1
9173,1
6336,0
2816,1
1274,0
11895,1
5216,0
7379,1
6008,0
12398,0
12135,1
6472,0
6589,1
8860,1
8014,1
6030,1
12328,1
4767,1
11514,0
1978,0
9513,0
10250,0
10080,1
3255,0
11032,0
10189,1
10972,0
2073,0
5497,0
743,0
10548,1
3673,0
11263,0
1785,1
2701,0
9410,1
5916,1
7001,1
11698,0
3184,1
3241,0
2993,0
5325,0
2248,1
5604,0
10480,0
6560,1
11450,1
6911,1
4732,1
7610,0
525,0
213,1
8498,0
1912,1
8988,1
2356,0
5791,0
5048,1
340,0
4569,0
400,1
2210,1
9269,1
2287,0
3209,1
3876,0
3403,0
4165,1
10767,1
4946,1
11902,1
953,1
2863,0
11428,1
1472,0
5128,1
4657,0
6297,0
1419,0
11418,0
11056,0
2818,0
11814,1
8692,0
6980,1
137,1
7433,0
10487,1
4350,1
9551,1
1811,1
207,1
4320,0
11915,1
7753,0
4435,0
1330,1
6412,0
9191,1
1268,0
11249,1
11678,1
10142,1
8632,0
150,0
3065,1
7648,1
8035,0
8695,1
5354,0
3922,0
8718,0
1032,1
3011,0
5496,1
461,1
7593,0
12280,0
334,0
11756,1
2097,1
5651,1
5612,0
3699,0
8192,0
11111,1
5503,0
2896,0
1689,0
5674,0
6195,0
9390,0
3499,0
11527,1
6564,1
10417,0
2103,1
7932,1
11461,1
6337,0
1643,1
6563,0
11537,1
12201,0
4326,1
10573,0
4541,1
10274,0
8096,1
10666,1
7104,1
7714,0
10651,1
6839,1
9060,0
5619,1
1756,0
1399,1
10537,1
5042,1
3176,1
9596,0
1858,0
9433,1
9169,1
5894,0
6134,1
9457,0
1467,0
2632,0
1146,1
3670,0
1776,1
12071,0
8012,1
4753,0
10752,0
1086,1
2916,1
7369,0
12153,0
5940,0
3855,1
5126,0
11305,1
12008,0
8428,1
6964,0
6125,1
4925,0
2883,0
11710,0
7799,1
10055,0
7416,0
2350,1
6581,0
7103,0
607,1
3978,0
6071,0
2593,0
10228,0
2054,1
9042,0
7189,1
2088,0
4525,0
4616,1
2874,0
4706,0
9754,1
7,0
5000,1
5912,1
1658,1
3645,1
2279,1
42,1
10921,0
3852,0
9861,1
2614,1
4284,0
706,1
9499,0
10984,1
7692,1
9123,0
460,0
6655,0
8798,0
6988,0
9092,0
11226,0
2535,0
1852,0
4890,0
11315,0
3945,1
2736,0
7344,0
8785,0
5396,1
8407,1
8116,0
6408,0
4819,0
12395,0
12335,0
5931,1
11834,1
4894,1
553,1
2242,0
338,0
3440,1
4898,0
2314,0
11098,0
1500,0
9849,1
10439,0
768,0
3224,1
646,0
11245,0
8918,0
7615,1
2624,1
3846,1
2298,0
9979,0
322,1
6689,0
7081,1
6488,0
12259,1
11859,0
1331,1
384,1
3561,0
6415,0
8254,0
1719,1
1167,1
2723,0
3445,1
5660,1
4138,1
10052,0
7756,1
10975,0
10053,1
10272,1
5993,1
11077,0
111,1
6046,1
655,1
9880,1
3637,1
10885,0
12004,0
9599,1
599,0
818,1
11890,0
6377,1
9782,0
10074,0
6646,1
720,0
799,0
388,0
3788,1
9453,1
7383,0
5193,0
5348,1
2908,0
6199,1
6405,0
6908,1
6238,0
4606,1
6193,1
1648,0
9583,1
6708,1
699,0
354,1
6922,0
4593,1
1205,1
3349,0
8476,1
6972,1
1971,0
4742,0
11582,0
3845,1
852,0
8501,0
9574,0
11140,1
11907,1
10346,0
10499,1
8688,1
10031,0
10680,1
4607,0
9961,0
8941,0
3002,1
2198,0
9017,1
4913,1
8467,1
5028,0
12103,0
961,0
8000,0
5642,1
2578,0
598,1
7937,1
8336,0
10551,1
1798,0
14,0
8601,1
4008,0
5868,0
7384,0
4292,0
6840,1
5179,0
9391,0
2590,1
7945,1
3787,1
12379,1
10723,1
12339,0
11395,1
10758,1
6590,1
8260,0
8680,0
4398,0
8551,0
5594,1
8569,1
3410,1
2268,0
8187,1
4433,0
5078,1
7411,0
11082,0
10410,0
9870,0
10507,0
5910,0
9595,0
11087,0
6768,0
5235,1
12022,1
10354,0
9425,1
2958,1
11067,0
10479,1
4089,0
2479,0
2871,1
3746,0
8962,0
9796,0
7660,1
6409,1
2395,0
2947,0
4171,1
4811,0
2679,1
9470,1
7855,0
8674,0
3414,1
9063,1
3250,0
7765,1
12123,0
6497,0
11476,0
1459,0
11193,1
7343,1
4037,0
4069,1
11734,0
10807,0
12308,0
757,1
3051,1
2201,1
905,0
1490,1
2907,1
11551,0
2432,1
11145,1
10525,0
7741,1
12117,1
119,1
6,0
12264,1
12033,1
11449,1
11609,0
3923,1
764,0
7676,0
3066,0
383,1
12322,1
6647,0
11713,1
7424,0
7786,0
894,0
3666,0
2078,1
6410,0
8169,1
4506,0
2977,1
12181,0
4591,0
5484,1
1686,1
11394,1
4323,1
7349,0
1927,0
1245,1
2998,1
4103,0
1729,0
10115,0
10350,1
5376,0
10221,1
9024,0
4335,1
8622,1
7933,1
718,1
3395,1
6683,0
1734,0
12147,1
2424,0
11877,1
8271,1
10936,0
4230,1
5230,0
9580,0
10006,0
4340,0
801,0
11863,1
5787,0
185,0
2519,0
2358,1
10025,1
463,1
2307,0
11351,0
8840,0
2466,1
529,0
4869,0
10942,0
10892,1
488,0
11484,0
10528,0
4695,0
12065,0
8242,1
3223,1
2311,1
6385,1
12084,0
11272,1
8433,1
5189,1
7231,1
9512,0
1323,0
6282,0
4076,1
8361,1
11605,0
5741,0
1144,1
4915,1
10246,0
754,0
6477,0
8389,1
3550,1
11290,1
3992,0
3703,0
8473,1
7121,1
11771,0
3525,0
10947,0
6069,1
5332,1
849,0
6480,1
7082,1
2269,0
1454,0
4062,1
8203,0
7744,0
8957,0
8550,0
1838,1
10663,1
2181,1
809,1
4430,1
848,1
10426,0
464,0
8626,0
2853,0
6977,0
9107,0
7810,0
10614,0
6228,0
4883,1
4864,1
1711,1
2450,0
5703,1
6063,0
1256,0
11323,0
10907,1
5778,1
6993,0
3420,1
1030,0
1589,0
9930,1
7251,1
6446,0
643,1
3739,1
7427,1
4807,0
11176,1
5439,1
2786,1
9683,0
9578,0
4359,1
12461,1
7649,1
10035,0
5679,0
4589,0
9041,0
34,0
3278,0
2471,0
1752,0
8443,0
6854,1
11726,0
10765,1
2433,0
10224,0
7229,0
10930,0
6288,1
2436,0
11783,0
5092,1
11709,1
11206,0
4934,0
6635,1
9836,1
917,0
3488,1
4306,0
6034,0
3953,0
3629,0
9028,1
55,0
10476,1
6160,1
9369,0
1005,0
351,0
847,0
10174,0
6139,1
9020,0
5522,1
30,1
5040,1
2827,1
11961,0
8713,1
7012,0
9792,0
1052,1
4671,1
10909,1
6418,0
11691,0
11796,0
10527,0
4035,0
4199,1
3339,1
12355,0
413,1
77,1
7280,1
6241,1
3031,1
11357,0
9384,0
2829,1
490,1
225,1
9249,1
7477,0
2689,1
11279,1
7361,1
6550,0
1818,0
1159,0
9626,1
11738,0
4652,1
4941,1
3213,0
6317,1
9192,0
1384,1
7843,1
4879,1
9380,1
2372,1
2924,1
3447,0
7020,0
3833,1
3257,0
10131,1
2788,1
6394,1
4128,0
5157,1
12435,1
5215,1
4943,0
3136,1
1342,1
11168,0
6874,0
7446,1
7213,1
12380,1
9914,1
279,0
2665,0
7968,0
5625,0
8294,0
1610,1
10613,0
7579,1
494,0
7060,0
11109,0
1654,1
7105,0
2844,1
4935,1
2191,0
8278,1
7644,1
8520,0
9395,1
6049,1
9706,1
7927,1
5016,0
1848,1
4156,0
8996,0
11169,1
9790,0
5089,1
6231,1
8538,1
1995,0
11856,1
7514,0
12026,1
12424,1
9065,0
5827,1
3402,0
4828,1
1895,1
6213,1
10870,1
7351,0
8699,1
11714,0
6565,0
3792,0
6161,0
5550,1
2836,1
1259,0
4752,0
2880,0
3734,1
11944,1
7986,1
3826,1
462,0
568,1
11204,1
12248,1
6445,1
11630,1
4650,1
2000,1
3741,1
3567,1
80,0
11721,0
7754,0
5526,1
9179,1
6514,1
12133,0
8608,0
3998,1
5311,0
11558,0
10841,0
7572,1
4573,0
1938,1
6836,1
5442,1
5913,0
265,1
9665,0
8277,0
4492,1
11916,0
5307,1
5360,0
693,1
3216,1
548,1
6251,0
12034,0
1960,0
9093,1
11355,0
1379,0
399,1
4544,0
12295,0
9680,1
11740,1
3536,1
10647,0
6339,0
4487,0
8891,0
5391,1
3268,0
10968,1
12458,0
7590,1
5240,0
4905,0
8980,1
5421,1
5602,1
10024,1
2011,1
6885,1
2716,1
3956,1
6059,0
7947,1
6449,1
11821,1
12154,0
11535,1
2272,1
1885,1
6626,0
8709,0
3211,0
12214,0
3768,0
2893,0
7994,0
10608,0
1627,0
9263,1
11125,1
9141,0
3379,0
5156,1
12275,1
9617,1
12225,1
5782,1
10730,1
6859,1
1786,1
1557,1
9877,0
11707,0
8649,0
10414,1
864,1
2985,0
6107,1
4948,0
9387,1
5617,1
356,1
6207,1
7010,1
749,0
11519,1
2340,1
10815,0
3062,1
118,1
512,0
7271,1
3641,1
12217,0
11742,0
7133,1
1653,1
10725,1
5895,1
4872,1
2674,0
2826,1
7641,1
5850,0
5290,0
7596,1
12345,0
2834,1
3705,0
2271,1
10596,0
7776,1
5649,1
1061,0
136,0
9144,1
7667,0
3141,0
5897,0
2482,1
3635,0
9233,1
8526,0
5946,1
8907,1
3173,0
1255,0
6306,1
9505,1
3300,0
2581,1
1174,1
10247,1
10827,0
5410,1
2394,0
1057,1
10937,1
8154,0
10967,0
3145,1
189,0
6293,1
705,1
10812,0
810,1
12019,0
8670,1
2445,1
1064,1
1834,0
7655,1
9186,0
1443,1
7591,1
806,1
5764,0
6571,0
7321,1
11768,0
951,0
4618,1
2017,0
11131,0
7254,1
5709,0
9125,0
12457,0
11711,0
9203,0
8578,1
3836,1
3685,1
3689,0
10764,0
8226,0
2584,0
3655,1
3773,1
11195,1
11959,0
2950,1
1611,0
10684,1
4345,0
9139,1
5925,1
9483,0
12089,0
2338,0
7749,0
7880,1
2673,1
4364,0
11427,1
10196,1
11737,1
6447,1
7576,0
11180,1
2167,0
6685,1
11922,1
5992,1
10856,0
8712,1
5695,1
6028,1
3409,1
5864,1
12400,1
9150,0
10202,1
11112,1
4410,1
9220,1
5514,0
1477,1
9352,0
10445,1
7934,1
10364,1
10493,1
7480,0
12349,0
8916,1
9009,1
8063,0
8740,1
9316,0
4581,1
11932,1
10776,0
5390,1
2699,0
3024,1
3180,0
1362,0
9132,1
9095,1
4127,0
726,0
11736,0
6680,0
11589,1
8724,0
1632,1
11751,0
2429,0
3622,0
11404,0
10884,0
8267,1
5444,1
2954,0
8011,1
10793,0
4189,0
8070,1
28,0
1587,0
5737,1
9977,0
7558,1
1616,0
4942,1
11285,0
8928,0
5362,0
4122,1
8247,1
10468,0
2636,0
3947,1
11854,0
10307,1
4356,0
8168,1
11718,1
12097,0
1726,1
1581,1
9301,0
8325,1
2003,0
1741,0
7635,1
2460,0
1763,0
6436,1
4010,0
10983,1
6357,0
6748,0
6906,1
1567,0
10090,0
8351,0
12056,0
9564,0
6845,1
9245,1
600,1
9533,1
1165,0
10117,0
5174,0
4670,0
2783,0
426,0
9451,0
4288,0
1309,0
9327,0
10700,0
6221,1
648,0
5453,0
5724,0
6786,1
2327,1
10607,0
10623,0
8036,0
1840,1
2879,1
2776,1
12198,0
7198,1
5447,0
7096,1
1832,1
1207,1
5461,0
7407,1
10093,0
5033,1
3264,0
3256,1
389,1
5346,1
5261,0
6424,0
6701,1
3427,0
12063,0
2280,1
10266,0
8204,0
1191,1
12049,0
4588,1
7402,0
11797,0
12310,0
90,1
2530,0
10905,0
9398,1
7003,0
5030,0
4568,0
7813,1
9166,0
11997,1
2308,1
6371,0
3185,0
777,1
1860,1
3377,0
4317,1
216,0
4993,1
145,0
3195,1
2770,1
4493,0
10598,1
7288,0
10304,1
4060,0
7100,0
1483,1
8581,1
1551,0
11147,1
10044,0
4893,0
5525,0
10783,0
2637,0
6690,0
9841,1
4050,1
4372,0
1744,1
455,1
10759,0
6941,1
9474,1
11158,1
10760,0
9436,1
10850,0
9363,0
3602,0
5543,1
7135,1
5786,0
7912,1
8298,0
11904,1
10114,0
4434,1
8952,1
9014,0
4710,1
6084,1
2359,1
1769,1
4424,1
6949,1
6296,0
10288,0
10775,0
1620,1
11680,1
8544,1
10962,0
5534,1
7586,0
1160,0
11162,0
3084,0
6942,0
2058,1
6256,0
7324,0
6252,0
10356,0
4443,0
7788,1
10883,1
498,1
7611,0
12300,0
4688,1
9991,1
12211,0
11291,0
4376,0
7798,1
6313,1
8341,1
1841,0
7112,1
8545,1
10638,0
5138,0
5657,0
4609,0
3485,1
12419,0
1211,1
3227,1
10958,0
12450,0
1103,0
11573,0
6189,0
12433,1
673,0
9534,1
9929,0
4537,1
10194,0
11670,1
11287,0
10601,0
7362,0
5234,1
6656,1
7037,1
2560,1
9809,1
8262,0
2239,0
69,1
143,1
12116,0
12270,1
7922,1
3370,0
5436,0
115,1
4332,0
7139,1
2266,0
195,1
822,0
8397,0
4344,1
7054,1
1878,1
4190,1
1554,1
11512,0
1561,0
5638,0
9997,1
1177,0
5804,1
7816,1
10738,1
7340,1
7069,1
4687,0
3875,1
7551,1
7532,1
10161,0
2917,0
1576,1
8883,1
1381,1
11477,0
949,1
10298,1
1861,0
11835,1
10312,0
9273,1
7844,0
6379,1
7656,0
1855,1
10536,0
3393,0
1746,1
4097,0
12276,0
9064,1
762,0
3594,0
88,1
3365,0
310,0
1360,1
3378,1
4247,1
10505,1
8584,0
856,0
4444,0
3748,0
3661,1
8559,1
6603,0
635,1
9184,1
6846,1
11880,1
1625,1
8274,0
8086,1
8455,1
12074,1
3287,1
5928,1
167,1
8998,0
7952,1
10401,1
5136,0
373,1
7704,1
9388,1
3631,1
1822,0
4452,1
2821,0
4397,1
7918,1
5950,0
7474,1
1526,1
10985,1
10383,0
1227,1
4299,1
10293,1
10244,1
1699,1
1326,0
7863,0
3328,1
3154,0
3303,1
4216,1
11350,0
12417,0
7531,1
4602,1
4147,0
7312,0
3511,1
9221,0
3563,1
1651,0
853,1
8411,1
5164,0
2477,0
5406,1
3021,0
7494,1
255,1
10890,1
2774,1
2119,1
2957,0
8479,1
10558,1
10844,1
7728,1
1069,0
4684,1
12353,1
11897,1
11881,1
11489,0
7301,0
8932,0
8289,1
8827,1
7768,0
79,1
5841,1
4073,1
5458,0
11846,0
3384,0
10019,0
10656,1
4952,0
11164,1
9447,0
3307,0
4029,0
615,0
8439,1
2876,1
2928,1
2337,0
4347,1
2692,0
10085,1
9945,0
8523,0
12302,0
10977,0
2553,0
6475,0
10658,1
5914,0
4390,1
10973,1
11506,1
5903,0
4745,1
5706,1
10204,0
8197,1
5866,0
7663,1
8876,0
8931,0
4960,0
9185,1
7059,1
12094,1
1629,1
6298,0
1784,0
2304,1
1163,0
4699,1
12487,1
4783,1
4801,1
1588,0
5032,0
9586,1
5244,1
3366,1
2982,1
8303,1
2914,0
11888,0
9213,1
253,1
3112,1
9821,1
3115,1
596,0
6588,1
5220,1
12313,1
4743,0
5227,0
12014,1
9549,1
2376,1
9342,1
3400,1
10887,0
10275,0
9461,0
6649,1
690,1
641,0
8066,1
4919,0
6978,1
9251,0
11198,0
1210,1
11826,1
5740,1
8969,1
2200,0
10193,0
5212,1
2184,1
12404,0
748,0
10518,1
6725,1
8418,1
6354,1
11566,0
9517,0
4015,0
11717,0
5922,0
3364,1
10184,0
10920,1
9713,1
11755,0
2034,0
4384,0
4575,0
2138,1
8810,0
11926,1
4815,1
3101,1
5271,1
11103,0
8865,1
9627,0
10792,0
6801,0
862,1
10860,0
2873,0
3423,0
1939,1
3302,1
11504,0
6167,0
4229,1
3908,1
10150,0
2782,0
5647,0
9709,0
4797,1
12098,1
11372,1
2222,1
11237,1
3577,0
5626,1
5773,0
6644,0
11130,0
5576,0
10026,0
4508,0
9048,0
3985,1
5837,0
1788,1
10790,1
10360,0
3015,1
6226,1
6312,1
9178,0
11599,0
978,0
7058,0
5991,0
5754,1
9190,1
10163,1
10380,1
1772,0
10213,1
10960,0
7771,0
3421,1
1949,1
1986,1
3408,1
8705,0
5879,1
6039,0
5190,0
258,1
8806,1
10693,0
1915,1
9364,0
6373,1
1831,1
3643,0
3371,0
1481,1
1162,0
11060,0
1435,1
3055,1
8032,1
3123,0
4111,0
218,0
345,0
8618,0
7791,1
2071,0
10774,0
11458,1
2286,1
9778,1
692,1
57,1
3995,0
729,0
1120,1
3967,1
6770,1
9336,1
4567,1
4708,0
4422,1
2683,1
33,1
11624,0
1401,1
1812,0
10419,1
2799,0
9681,1
434,0
6707,1
7815,0
11596,0
8296,0
10574,0
9170,1
735,1
9615,0
2237,0
8824,0
9963,0
4187,0
12241,0
9968,1
7405,0
12266,1
2412,1
2082,1
6005,1
2297,0
12039,1
4754,0
7329,0
4832,1
5953,0
3535,1
127,0
7809,0
1349,1
11675,0
8312,0
4456,1
7400,0
11884,0
7328,1
4734,1
5364,1
6370,0
3017,0
11303,1
3919,1
9353,1
3540,0
8159,1
6692,0
10351,0
2956,1
6554,1
2267,1
1382,1
6141,1
9761,0
11598,0
10229,0
4358,1
7000,1
2312,0
2330,0
6772,1
1545,0
10978,1
4305,0
7893,1
1738,0
11807,0
2501,0
3097,0
3764,0
3603,0
5219,0
4840,1
23,1
3693,1
66,1
11163,0
11306,1
3758,1
6459,0
10842,0
6522,0
10182,0
2182,1
6824,1
3810,1
12167,1
9098,0
6372,0
8782,0
9940,1
7657,0
7027,0
12023,1
10329,1
5646,0
6758,0
8223,1
2942,0
7895,0
323,0
11720,1
12299,0
3659,1
11987,1
39,1
10191,0
9032,0
2329,0
3005,0
4744,1
1721,0
379,1
3267,1
290,0
1829,1
3753,0
10197,1
10048,1
2121,1
11731,1
4702,0
7862,0
10461,0
12235,1
8628,1
8349,0
8732,1
1243,1
234,0
10412,0
1016,1
1324,0
11384,1
3169,0
2889,1
1156,0
8102,1
7116,1
11358,1
1071,0
6227,1
9201,0
11475,0
12132,0
4651,1
1886,0
5255,0
3436,1
2756,1
5508,1
1336,0
9992,1
6881,0
4939,1
2528,0
3939,0
983,1
491,1
10389,0
5451,1
7833,0
7682,0
8541,1
11945,0
5389,0
2927,1
6062,0
11320,1
12481,0
3717,1
1925,1
4557,0
12273,1
10662,0
11930,0
8504,0
2137,1
10989,0
11370,1
3358,1
6999,1
6731,1
162,0
3297,0
5003,1
11632,0
3802,1
5621,0
12224,0
6316,0
11036,1
10119,1
11181,0
1680,0
11316,1
6795,0
3309,1
11847,1
237,0
5645,0
3639,0
3806,1
1358,1
6492,0
6089,1
7903,1
10280,0
335,0
11217,1
9815,1
8028,1
5987,0
7580,1
1470,1
313,0
8958,1
2516,0
9844,1
1706,1
7769,1
7706,0
2260,1
9879,0
5690,1
7375,1
6322,0
1761,1
3581,0
5303,0
8285,1
9587,0
12403,1
10553,0
11264,0
1644,1
2494,1
4761,0
5810,1
9086,1
32,0
8543,1
5817,0
827,0
4560,0
6043,0
7617,0
2848,0
1618,0
11879,1
12130,0
8263,1
5121,0
3391,1
7702,0
5861,0
6958,1
5825,1
6347,1
8795,0
9647,1
6011,0
5920,0
11238,1
12314,1
1244,0
8233,0
2375,0
3793,1
10514,1
8214,0
3801,1
9695,1
5012,0
65,1
5375,1
11053,1
2197,1
4181,0
10853,1
11529,0
8324,1
8789,1
2526,0
3164,0
10317,1
10444,1
4590,1
934,0
5194,1
1404,0
3333,0
11412,1
8155,1
6543,0
10143,1
4903,1
2936,0
1523,0
10370,1
2098,1
10134,1
6038,1
2594,1
2806,1
432,0
5829,1
458,0
1044,1
10022,1
12343,0
3148,1
813,0
5730,1
6642,1
3120,1
9112,0
2753,1
8870,1
6754,1
3110,1
1802,0
4108,1
9872,0
1592,0
8999,1
3640,0
7197,0
11171,0
950,1
417,1
4421,1
11899,0
6848,0
11468,0
11517,1
6614,0
6246,1
4649,1
8866,0
10606,1
7953,0
8621,0
10442,1
6853,1
12413,1
46,1
8564,1
12247,1
5191,1
5974,1
11928,1
259,0
946,0
2149,0
9978,0
9552,1
4643,1
11654,1
1591,1
9504,1
8310,1
10358,0
10880,0
4389,0
1793,1
4057,0
9356,1
11335,1
10252,0
2984,1
5324,1
9195,0
8291,1
3920,0
4991,0
7345,0
5135,1
5105,0
4104,1
10443,1
11086,0
1580,1
7108,0
11207,0
1134,0
12391,1
1842,1
9202,1
5076,0
7713,0
12054,1
7784,0
4495,0
12376,1
2772,1
11223,0
5794,1
7850,0
5361,1
12222,1
4576,0
2147,0
1495,1
1316,0
11409,0
6381,1
1957,0
9620,0
9717,0
6823,1
10529,0
4489,0
8961,1
11894,1
4143,0
6805,0
10971,0
5518,0
12315,1
939,1
1428,1
6639,0
9210,0
9565,1
11149,1
2021,0
11966,0
8342,1
2655,0
6386,0
489,1
2263,1
7193,0
5131,0
7431,1
3982,0
1125,0
4416,0
8554,0
3193,0
7523,1
6114,0
10303,0
436,1
2865,0
7524,1
3080,0
339,0
24,1
3835,0
2028,0
4617,1
418,1
3601,1
679,1
12296,0
6082,1
11702,0
11978,1
4445,0
3000,1
9325,0
6466,1
10292,0
9621,0
2737,1
8557,1
9420,1
12306,0
4927,1
294,1
12231,0
8639,0
4866,1
11511,0
3486,1
5211,0
7991,0
9265,0
8555,0
6163,1
4672,1
3562,1
9484,0
591,1
9152,0
3623,1
10821,1
8147,0
11976,0
4922,0
3695,0
872,0
11587,0
7552,1
8657,0
4311,0
1974,0
2888,1
9993,0
10819,0
7230,0
836,0
7658,1
8065,1
4119,0
5961,1
10635,0
5119,0
4061,0
6546,1
9455,0
11491,1
1494,0
11469,1
4739,0
1189,0
4304,1
10056,1
7476,0
4074,0
1989,1
8144,0
2718,1
11367,0
3293,1
1582,0
186,0
1898,0
4454,0
3580,1
8354,0
11933,0
7346,1
1124,0
10264,0
5816,1
11155,1
10953,0
12356,0
6753,1
1932,1
7184,0
170,0
4274,1
10495,0
2278,0
9584,1
4470,0
6983,0
11051,1
9787,0
10291,1
2144,0
2118,0
10335,1
11900,0
3926,1
4297,1
3890,0
1261,1
11047,1
11097,0
2186,1
10667,1
1269,1
4877,0
1448,1
10550,1
4667,1
3236,0
4809,0
5027,0
9111,1
5820,1
8953,1
450,1
9648,0
510,1
12100,0
10458,1
4298,0
7319,1
10999,0
5074,0
11831,1
10859,1
1206,0
8960,1
4882,0
11801,1
10371,0
8111,0
8004,0
7120,0
6442,1
1715,1
5316,0
5420,1
2805,0
3234,1
609,0
8593,0
5345,0
5975,1
6481,1
5815,1
7597,0
1116,1
11199,0
4987,0
11200,0
8079,0
8661,1
159,1
10724,1
12492,1
3182,1
154,0
1969,0
11525,0
2885,1
1249,0
4141,1
954,0
8432,0
10531,1
4084,0
4945,0
6713,0
881,0
8525,0
10261,1
401,1
10409,1
391,0
2680,1
5580,1
6056,0
12124,0
2352,0
4862,0
10372,1
7174,0
4318,0
10591,1
8373,0
3472,0
1783,0
1305,1
4648,0
4282,1
586,0
7439,1
10627,0
7740,0
8186,0
5188,1
1839,0
5086,1
3063,0
10313,1
12451,0
9151,1
8224,1
7406,0
8947,1
6485,1
37,0
3716,1
4102,1
5368,0
608,1
10,0
10259,1
3171,0
466,1
9722,0
11215,0
2282,0
9783,1
9679,1
10687,0
2457,1
11232,1
2254,0
2441,1
4262,1
7570,1
11433,0
9758,1
6810,0
12327,0
7625,1
8761,1
1813,1
4040,1
1530,1
8607,1
551,1
10979,1
3937,1
8684,0
10124,1
9234,1
12203,0
2540,1
927,0
2143,1
10255,0
8682,1
11389,0
5653,1
7358,1
2811,0
4264,1
708,1
8591,0
6088,1
4989,1
8560,1
9181,1
5299,1
3512,1
9785,1
3157,1
5398,0
2601,1
297,1
1944,0
7210,0
12381,1
7463,1
1755,1
2367,0
2341,0
6861,0
1571,0
10190,1
3334,1
11050,1
1656,0
6913,0
1558,0
7188,1
12423,0
1489,0
4038,0
3411,0
9340,0
4816,1
8610,1
3973,1
12479,0
5548,0
12178,1
5470,1
9478,1
2484,1
6271,0
9899,0
8148,1
2638,0
7170,0
11044,1
10583,1
10961,1
7773,1
3918,1
9276,0
8829,1
3933,1
6779,0
10911,1
305,0
11866,1
9996,1
6882,0
5034,0
4393,1
9402,1
4857,1
4042,1
10789,0
1578,0
1465,0
6600,1
2941,0
11467,0
10713,0
11862,1
545,1
5798,1
10988,0
1835,0
5141,1
5872,0
1190,0
509,1
5524,1
4415,1
2072,0
9465,0
4219,1
3808,1
10566,1
2223,1
3814,0
1539,0
1520,0
6278,1
9302,1
5071,1
3487,1
10015,1
3039,1
4460,1
9818,1
2390,0
5999,1
5120,1
12134,1
6620,1
11084,1
1662,1
4973,1
3816,1
9511,0
1663,0
1657,0
4215,1
492,0
10269,1
6183,0
7536,1
8383,1
8927,1
4957,0
4418,0
5082,0
9522,0
1899,0
10732,0
3684,1
1072,1
9610,0
1060,0
6129,0
8041,0
7710,1
4465,1
3839,0
2458,0
8431,0
1556,1
3827,1
8663,1
9936,0
2768,1
8357,1
10769,1
9988,1
8403,1
267,0
6558,0
2839,1
9303,0
7048,0
6891,0
10504,1
546,0
1335,0
9054,1
8209,0
5479,1
7462,1
5372,0
3292,1
3263,0
5100,1
12384,0
11747,0
4902,1
10387,0
2913,1
1579,0
3009,1
175,1
6425,0
6335,0
6496,0
5394,1
344,1
11340,1
1066,1
3993,0
1698,0
1143,0
12297,0
2974,1
11369,0
12174,0
1484,0
10467,0
2567,0
10440,1
12180,1
10549,0
9642,0
1377,1
5435,1
6262,0
4839,0
10946,1
1747,1
565,1
1953,0
5582,0
3976,0
6552,0
10129,0
9116,1
4496,0
5414,0
10852,0
8662,0
10686,0
2648,1
3313,0
1257,1
8533,0
6076,0
8743,1
2508,0
2202,1
2750,0
10158,0
4351,1
5060,1
376,0
2218,0
1537,1
4458,0
9589,1
6973,0
7827,0
2858,1
1283,1
10231,1
12005,1
1095,1
6117,1
11448,1
12408,0
5262,0
5334,0
10324,1
9678,1
12401,1
3831,0
6382,0
7422,1
1906,1
2550,0
9658,0
2499,0
3863,0
8949,0
5982,0
12358,0
8943,0
19,0
10986,0
3140,1
11128,1
76,0
6933,0
8568,0
9370,0
8930,0
10569,1
6452,0
2948,1
9477,0
1209,0
12010,1
9133,1
9989,1
2572,0
8174,1
2236,1
11986,1
1441,0
2622,0
11911,1
12191,1
7835,1
12029,0
6346,1
11434,0
9307,0
3519,1
1411,1
12338,0
7395,1
8812,1
6302,1
4236,1
9287,1
5880,1
2664,1
11778,1
5661,0
6592,1
5726,0
7542,1
6678,0
11478,1
12156,1
7376,1
2823,0
7973,0
3416,1
9109,1
1923,0
2241,1
5566,0
1968,1
9162,0
3386,0
3790,0
10622,1
11006,1
4085,0
3881,0
2126,1
6273,1
8497,1
791,1
9891,1
7573,0
293,0
5540,0
11314,1
12108,0
3972,1
8477,0
5752,1
10899,1
5678,0
11690,1
9242,1
12392,1
7252,1
2767,1
1262,0
10470,0
2724,1
5739,1
2571,0
11352,1
8227,1
3085,1
1042,0
6928,1
9171,1
4353,0
11185,0
7011,0
7021,1
1374,1
10939,1
2076,0
11254,1
7807,1
11286,1
1497,1
930,1
8534,1
12422,1
8268,0
12027,0
2192,0
5233,1
1668,0
2026,1
9619,1
11848,0
3187,1
3363,1
4662,0
7632,0
2703,0
800,1
3626,1
11295,0
1917,1
10908,0
2332,0
6131,0
11849,1
9878,0
3367,1
12062,1
247,1
8634,1
5205,0
7241,0
11054,1
7432,0
11110,0
11104,1
10646,1
8745,1
8283,1
1851,1
8530,1
4676,1
6209,1
7269,0
4032,0
7102,1
12179,1
3220,0
12325,0
4475,0
12279,1
3326,0
8378,1
9950,0
1354,0
6611,1
9130,0
3847,0
9903,1
1614,0
3314,1
4997,0
5226,1
8833,0
9636,0
824,0
4000,0
245,1
5291,1
2024,0
9629,0
1660,0
240,1
2953,0
11637,0
10147,1
11102,0
9101,1
9367,0
3337,1
8280,1
11299,0
803,0
4716,1
8352,0
11661,0
11701,0
7385,1
7450,1
8790,0
5178,0
27,1
7260,1
1128,1
4951,0
3658,1
7449,1
4669,1
11250,1
3676,1
4082,1
2579,1
12486,1
6478,1
9920,1
2921,0
6674,1
113,1
4522,0
1565,0
208,0
3130,0
4271,0
7453,0
5437,1
3509,1
5847,0
2382,0
3914,1
7828,1
3688,1
205,0
9948,0
5606,0
12482,0
6437,0
5355,0
5960,0
8183,1
3225,0
769,1
5668,1
8654,1
4860,0
10761,0
8900,0
101,0
10791,0
5632,1
10928,0
2787,1
1732,1
12162,0
1913,0
11590,0
9339,0
3549,1
10900,1
9055,1
12165,1
3882,1
6717,0
10743,1
4404,1
2817,0
5486,0
5477,0
7849,1
6693,0
12146,1
10931,0
5618,1
1035,0
4777,0
2860,1
9808,1
6985,1
6052,0
2462,1
8178,0
114,0
3046,0
7724,0
9967,1
7154,0
4414,0
1457,1
1801,1
2142,0
3965,1
6280,1
2754,0
8765,0
13,0
5906,0
7695,1
246,1
1697,0
2463,0
3513,0
6694,0
9222,1
1575,1
7751,1
9608,1
2569,1
8595,0
7281,1
4361,0
2084,1
7830,0
1757,0
1373,1
8381,0
4718,1
8019,0
3446,1
3459,1
12371,1
7783,1
6274,0
4394,0
9099,1
9205,0
5107,1
3687,0
10405,0
6931,0
1133,0
6986,1
10863,1
6712,1
7819,0
12184,1
1740,0
6040,1
3632,1
11159,1
967,0
6774,1
7331,0
3231,0
9982,1
10002,0
9281,1
7315,1
11639,0
8024,1
390,1
4620,0
3736,1
7673,0
11601,1
4944,0
9349,0
11762,1
6777,0
11876,0
3456,0
8422,1
7890,0
3322,0
11967,1
10799,0
11297,1
2796,1
8815,1
10562,1
3280,1
4781,0
1181,0
8737,0
9925,1
5099,0
5989,1
7745,1
12465,0
10037,1
3465,0
7758,1
5688,1
6045,1
508,1
6658,0
873,1
7292,1
12442,0
10301,0
7464,0
11730,0
1363,0
10822,1
2101,1
4895,1
2345,1
11446,0
10214,1
9317,0
3589,0
2549,0
6585,1
10838,1
6154,1
12028,1
11921,1
2886,0
3500,1
12447,1
1859,1
12035,1
4741,0
9598,1
6474,0
1865,1
5843,1
5125,0
1469,1
5862,1
486,1
375,1
9275,1
12067,0
11366,1
7185,1
5889,0
9241,1
9931,1
7277,0
6440,0
1804,0
9638,0
9005,0
9431,1
9396,1
12452,1
12142,0
1076,0
10199,0
8104,1
7962,0
3493,0
2206,0
5457,1
9745,0
3133,1
2334,1
1655,0
8429,0
5952,1
8221,0
5818,0
6016,1
4281,0
5058,1
2566,1
941,0
4375,1
6461,1
446,0
9839,1
11689,0
903,1
5438,1
10436,1
12234,0
4051,0
11657,0
10464,1
1877,1
2146,1
4101,0
6151,1
6479,1
4256,0
9347,0
4072,1
11106,0
3994,0
10195,1
10532,1
11591,0
3592,0
11612,0
3961,1
6325,0
10408,0
6113,0
1628,1
9824,0
4179,0
9597,1
2016,1
7276,1
2005,1
1348,0
11281,1
1367,1
9471,0
10750,1
6498,0
7122,0
10516,1
3100,0
644,1
12144,0
10165,1
3214,1
3312,0
9358,1
2641,1
5662,1
3698,0
448,0
909,1
2568,1
7086,0
4266,1
6572,1
8512,1
6657,0
11413,0
6843,1
7544,1
8405,0
3892,0
10542,0
6851,0
11766,1
10276,1
8491,1
8161,0
12121,1
5366,1
303,0
64,1
1622,0
4314,1
10297,1
11901,1
4729,0
5904,1
11313,0
11260,0
10262,1
6342,1
2177,1
5876,0
7677,0
10820,1
8360,1
12407,1
7898,0
5218,1
7484,1
5812,0
11677,1
3354,1
5026,0
1188,1
12003,0
9677,1
7571,0
1535,0
1639,1
11950,0
3188,0
3151,1
9034,0
11265,1
2366,1
12091,1
5405,1
8521,0
9780,0
11686,1
11023,1
3006,1
9567,1
3539,1
6130,1
11723,1
7801,0
11189,1
3177,0
3966,1
6604,0
9765,1
3437,1
6607,1
4164,1
4912,1
1768,1
11804,1
5171,1
1395,1
10926,1
11038,0
1340,1
9259,1
12190,0
4984,1
11550,1
11638,0
4558,1
10895,1
7543,1
10513,0
7088,1
4813,0
6443,1
10040,0
2483,1
12409,1
10781,0
12236,1
1123,0
1229,0
8532,1
3974,1
3546,1
2085,1
9995,1
1965,0
4705,0
2281,1
1830,0
5064,1
6268,0
10427,1
11219,0
5767,0
5500,0
4178,1
2229,1
1171,0
1322,0
1429,1
4009,1
11793,0
8624,0
6723,0
8964,1
8644,0
1707,0
5130,0
8018,1
1157,1
4634,0
4053,1
11430,1
5629,1
6668,1
2815,0
8436,0
11974,1
11118,0
691,1
9569,1
4151,0
12021,1
9816,1
11134,1
8346,1
12330,1
2351,1
8085,0
6057,0
8272,0
3045,1
6319,1
6661,1
9851,1
9236,0
10824,0
11030,1
3076,1
5041,1
7981,1
7123,1
8299,0
12011,1
2317,0
2835,1
1297,0
8087,1
5432,1
2792,1
839,1
3712,0
10976,1
12496,0
9392,0
8716,0
6944,1
9606,1
8237,0
1131,1
7426,1
11999,1
8241,0
1299,0
5062,1
583,0
284,1
7339,0
11235,1
10794,1
9424,1
3898,0
9798,1
4370,1
7837,1
1080,1
156,0
7718,0
5948,1
5902,0
11126,1
6330,1
7311,0
11275,0
1967,0
8540,1
3964,0
4843,0
10523,1
4520,1
11403,0
908,1
1543,0
4036,1
11146,0
9119,1
12366,1
9051,1
2455,1
4578,1
2277,0
11360,1
3082,0
11935,1
10183,1
2995,0
8489,0
2007,1
4308,0
5860,1
11156,0
8629,1
2315,1
2599,1
10836,1
8754,0
10696,1
2408,1
8715,1
4123,0
3548,0
3482,1
12088,0
7354,0
3574,1
2517,1
10238,1
6830,0
9310,1
10355,1
7262,0
1022,0
3560,1
11229,1
9304,1
4478,0
10766,1
9837,1
12151,0
2667,0
10051,0
3899,1
11339,1
8867,0
1346,0
5884,1
5387,1
1916,1
2911,1
10589,0
11927,1
4429,1
2751,1
10554,1
5586,1
2554,0
12107,1
4720,1
4885,0
5124,0
2188,0
3319,1
514,0
8742,0
1417,0
2468,1
11268,1
4592,0
3915,1
324,0
1034,1
1844,0
8553,1
3598,1
1037,1
6384,1
5127,1
257,0
10511,0
4693,1
10639,1
6834,1
11400,1
10698,0
11853,0
9037,0
6187,1
8991,0
3422,1
1624,0
11186,0
4349,0
8121,1
9401,1
10325,0
1739,0
11811,0
2559,1
1372,1
11483,1
8445,1
7914,1
11785,1
3305,0
4690,0
3108,0
12069,0
6548,0
2439,0
5833,0
10685,1
3494,1
11845,0
4054,1
936,1
8783,0
9409,1
3701,0
2780,0
11749,1
899,1
1400,1
12369,0
4185,0
1634,0
285,0
2855,0
11665,1
3531,0
4553,0
2575,1
2640,0
10868,0
10206,0
1017,0
7247,1
11909,0
4027,1
7874,1
11486,1
1560,1
5424,0
7415,1
8848,0
1547,0
9319,1
4374,0
9067,1
10049,0
3798,0
5199,1
6137,1
1533,0
3557,1
10095,0
3997,1
1127,0
2992,1
2193,1
3134,1
8748,0
7956,1
11789,1
403,1
10768,1
11694,1
224,0
11614,0
973,0
746,1
5562,1
6499,1
2469,1
2847,1
5890,1
1566,0
8175,0
991,0
10787,1
364,0
8615,1
944,1
7275,1
2397,1
9550,1
8485,1
7836,1
3003,0
328,1
2486,0
5260,0
1659,1
1332,1
11719,0
12072,0
2364,0
4024,1
4088,1
10233,1
10107,1
4065,1
6186,1
3069,1
3644,0
4386,0
4337,0
2294,0
3857,0
7906,1
6294,1
1230,0
8955,1
5221,0
10481,0
11276,0
3415,0
1767,1
5407,1
6597,0
8440,1
362,0
10746,0
4574,1
4663,1
3490,1
2052,1
7566,0
9873,1
8985,1
3866,0
1679,0
8137,1
7483,0
11513,1
9904,0
3949,1
1196,1
9857,0
9429,0
9822,1
5893,1
8853,0
10668,0
7577,1
4766,0
8984,0
4540,0
6704,1
7419,0
8758,1
11631,1
4180,1
3381,0
5095,0
4596,1
896,1
4681,0
8611,1
11697,1
11327,0
6223,1
6174,0
7240,0
11423,1
4301,0
10072,0
3443,0
2310,1
3026,0
5454,1
4237,1
7064,0
91,0
9514,0
6111,1
12483,0
4633,0
8749,0
11534,0
7297,0
9772,1
807,1
7492,1
2318,1
5719,0
3111,1
6001,0
12318,1
1524,0
12237,1
7565,0
244,1
9752,0
1635,0
2714,0
8604,1
5697,1
6892,1
6432,1
5977,1
12431,0
7619,0
4396,1
6667,1
5971,1
5718,1
3454,1
5323,1
10219,0
12173,0
3597,0
8892,1
1479,0
8808,0
9509,1
8597,0
5711,0
3159,1
5363,0
11043,1
2411,0
161,0
1251,1
9400,0
8201,1
657,1
8791,1
12351,0
4774,1
274,0
765,1
5627,0
9382,0
8585,0
12463,1
1765,0
11956,1
7975,1
4765,1
6091,0
12139,1
8951,0
4471,1
1513,0
12175,1
6236,1
7725,1
1910,1
7274,1
5828,1
8562,1
4041,0
11153,1
11072,0
331,1
2435,0
2166,0
26,1
10256,1
11792,1
6765,0
8195,0
10832,1
7272,0
9314,0
11871,1
8546,0
1425,0
12336,0
12399,0
8253,0
4239,0
4603,1
3573,0
3090,0
4474,0
745,1
9341,0
1519,1
8956,0
6819,1
1937,1
10834,0
9091,0
5411,1
3506,1
6121,1
3946,1
2523,1
406,1
5343,1
6544,1
5350,1
6145,0
10421,1
9376,0
2645,0
2274,0
2522,1
6060,0
5857,0
5848,1
5478,1
3837,0
11794,0
650,1
2633,0
9944,1
5670,0
4132,0
2830,1
5780,1
9664,1
3654,0
7879,1
6923,1
3286,0
10061,0
10343,0
5507,1
2293,0
11298,0
8176,0
8778,1
11322,1
7175,0
8132,0
11325,0
3315,1
1114,1
7398,1
1911,1
704,0
1091,1
2747,1
10837,1
11542,1
3858,1
4554,1
5359,1
4686,0
10786,0
9071,0
10404,0
9938,1
2968,0
3037,1
7845,1
10563,1
945,1
3457,0
8216,1
5109,0
3762,0
2901,0
10835,0
8874,0
387,0
10872,1
6375,1
1821,1
497,1
10097,1
4583,0
9674,1
4220,1
1049,0
542,1
7733,1
5466,1
3719,1
11177,1
56,1
9230,1
7367,0
3564,1
9862,0
4916,0
11748,0
10328,0
2456,1
8316,1
10798,0
2447,1
7698,0
10075,0
2099,1
9579,0
36,0
10749,0
5294,0
5821,1
790,1
10234,0
2407,0
7998,1
10457,0
11266,0
2973,0
8700,1
4917,0
6234,1
8792,1
8721,1
5480,0
6730,0
5018,0
11823,1
9386,1
3455,0
694,0
7201,0
817,1
12453,1
6351,1
8851,0
10692,1
2529,1
8697,1
1149,1
5263,0
9168,1
3462,0
7964,1
3767,0
11858,0
9508,0
9174,1
11817,0
12230,1
10167,1
12070,0
11334,1
296,1
7099,1
5378,0
5149,0
4291,0
10538,0
10585,0
7397,0
9883,0
1509,1
2391,1
84,0
8910,0
1946,0
6430,0
5563,1
5958,1
5544,0
11810,1
3690,1
2651,1
10694,0
3724,1
8234,1
7009,0
6615,1
11425,0
5565,1
4491,1
6196,0
12127,1
370,1
2070,1
760,1
8281,1
263,0
9690,1
4333,1
9040,1
4692,0
4168,0
11065,1
1866,1
759,0
5844,0
1710,0
2565,0
8471,0
5589,0
12476,1
10620,1
5994,0
9442,1
614,0
11018,0
10148,1
2497,0
6631,1
5401,0
1240,0
5845,1
2728,0
4486,1
12440,0
12460,1
7291,1
651,1
9189,0
4365,0
12284,1
7338,1
10831,1
661,1
8576,0
7101,0
5318,1
10034,1
7493,1
317,1
1955,0
10349,1
3784,1
6706,0
8542,1
9383,0
8772,0
5599,0
5236,1
2918,0
6829,0
268,0
11941,1
11388,0
4887,1
4046,0
10027,1
9769,1
4841,1
3948,1
3235,1
6419,0
12059,0
4034,0
1050,0
802,0
7526,1
10933,1
9013,1
8103,1
630,1
11419,1
5949,0
12272,0
2712,1
8318,0
2087,0
9113,0
11136,0
6811,1
8589,1
7223,1
5172,1
5571,1
8895,0
11917,0
2245,1
2489,1
536,1
3821,0
998,1
3986,1
3207,0
620,1
3664,1
6995,0
4851,0
11280,1
11244,1
1364,0
7388,1
9675,1
9980,0
1983,1
7128,0
9526,0
7246,1
395,0
165,0
8229,1
1370,0
5143,1
5085,0
1943,0
2621,0
639,0
8779,1
6569,1
9350,0
8450,0
3471,1
1722,1
2955,0
12396,1
1951,0
6766,0
9084,1
1333,1
8614,0
8898,1
2113,0
7409,0
918,1
3636,0
9057,0
1219,1
11289,0
1507,0
8420,0
8374,0
2744,1
11912,1
8605,0
7316,1
11905,0
3248,1
9154,0
10949,1
10756,1
2161,0
3723,0
3087,1
653,0
10400,1
8370,0
1184,1
9685,0
10133,0
10416,0
6953,1
347,0
8747,0
876,1
4998,1
7608,1
12363,0
5608,1
6197,0
1493,1
51,0
1059,1
11495,0
94,1
1514,0
2060,1
2877,1
6017,1
7859,0
4713,1
10980,0
7831,0
12449,0
7690,0
6158,0
6200,1
5217,0
1277,0
10705,1
10116,1
5664,0
1598,1
12086,1
11668,0
7330,0
7224,0
2919,1
6855,0
8396,1
11646,1
10011,1
6586,1
4790,1
4623,1
193,0
7221,0
4106,0
9122,0
3061,1
11211,0
7883,0
1,1
58,0
2764,0
2130,0
5417,0
8651,1
2446,0
4775,0
1293,0
12195,0
10697,1
2464,1
11415,0
8723,0
10603,0
9073,1
6070,1
5296,0
1897,1
12429,1
7373,0
10825,1
2303,0
11356,1
7119,1
8331,0
112,1
1475,0
5915,1
6745,1
1391,1
6553,0
5557,0
3050,1
5759,1
4120,0
9193,1
7700,1
10429,1
10176,1
9582,0
5313,0
3895,0
4837,0
1088,0
3375,1
41,1
7653,1
10496,1
1645,1
272,0
3508,1
197,1
685,1
9733,0
11208,1
3595,1
6465,0
7061,0
4228,0
11949,0
6989,0
9419,1
4081,0
1241,1
2176,1
11984,1
538,0
8877,1
12337,1
10338,1
7109,0
4154,0
5223,0
1315,1
206,0
9656,0
3829,1
312,0
6304,1
2409,0
12256,1
4654,1
9260,1
11870,1
8181,0
11744,0
5696,1
8109,0
8138,0
4810,0
3860,1
868,0
1003,1
9846,0
9482,0
8940,0
11345,0
11202,1
35,0
5957,1
5381,1
2795,1
4601,0
10018,0
4175,1
3316,0
10755,1
45,0
6182,0
4438,1
1947,1
7163,1
1053,1
8944,0
5984,1
2371,0
667,1
6135,0
2521,0
8857,1
6427,0
10327,1
3924,1
6912,1
6593,0
3651,0
8970,1
5132,0
3324,0
264,0
5943,1
823,1
5331,1
2120,1
7931,0
649,1
374,0
10782,1
1247,0
3290,0
2616,1
6608,1
6503,1
7045,0
2649,0
4920,0
10671,0
2810,0
9458,1
6176,1
11649,1
8083,1
1447,0
11924,0
4830,0
8478,1
821,1
11581,0
11770,1
4217,0
10175,1
3765,1
8992,1
2430,1
1263,1
8218,0
9411,0
3376,0
11411,1
12252,0
10898,1
5206,0
326,1
2894,0
11453,1
11212,1
3352,0
2404,1
8046,0
5513,1
1907,0
454,0
7425,0
12244,0
9354,1
4377,0
5751,1
302,0
3732,1
96,0
8698,0
3796,1
273,1
3192,1
8488,1
7609,1
10413,0
194,0
6808,0
733,0
1406,0
12150,1
11221,0
1194,0
10559,0
8667,0
4556,0
1298,0
9081,0
786,1
3466,1
6741,1
3871,1
8460,0
4854,1
8731,0
5274,1
8461,1
10392,1
7629,1
12344,0
5330,0
787,0
5229,0
2598,1
2360,0
3779,0
10915,0
4086,1
12002,1
8333,0
9142,1
6641,1
11861,1
6374,0
9324,0
8583,1
3903,0
5250,0
10092,1
1302,0
11829,1
12497,0
5721,0
3481,0
5075,0
4850,1
985,0
2619,0
4825,1
11824,1
9532,0
8482,0
8602,0
8845,0
7468,1
11259,1
6640,1
5312,0
1593,0
11844,1
327,1
2309,1
11124,0
9021,1
8228,1
4066,0
5835,0
4513,0
12312,1
2654,0
3804,1
3186,1
11457,0
11969,1
1702,1
1375,0
4346,1
6893,0
1808,0
5104,0
6411,0
103,0
7440,0
1665,0
885,0
10030,1
9639,1
8441,0
10610,1
12082,1
10089,0
8872,0
3910,1
4280,1
5010,0
243,0
7150,0
4788,1
11564,0
5252,0
756,0
9473,1
7110,1
10940,1
3114,1
5248,0
2425,0
4849,1
10854,1
3812,1
5268,1
884,1
9441,1
11929,1
1341,0
9235,0
11891,0
9082,0
10590,0
72,1
2030,0
4142,1
1347,0
5692,1
4039,0
5583,0
3927,1
9884,0
6397,0
2326,1
6456,0
4113,1
155,0
10708,1
9622,1
12051,1
5084,0
9226,0
5025,0
7969,1
7452,0
6863,0
4078,1
7095,0
564,0
11773,1
11485,0
6369,0
5409,1
8184,0
3382,0
4704,0
3190,0
4079,0
1990,1
5422,1
8728,1
2999,0
5799,1
11776,0
2791,1
8989,0
10425,1
6761,1
6171,0
1568,0
6669,0
9585,0
7166,1
5068,0
4737,1
5449,1
4817,0
2866,0
7436,1
4776,1
2339,0
7685,0
6967,1
11368,0
12311,1
9010,0
5717,1
2488,0
11148,1
6724,0
7866,0
569,1
3208,0
4878,0
7723,1
6048,0
1445,1
11805,1
5245,0
74,1
12119,0
9669,1
11586,1
5433,1
4339,0
3930,0
8453,0
5951,1
1485,0
4440,0
9700,1
8609,0
5300,0
5151,0
1289,1
3210,1
8567,0
3405,0
236,1
1982,0
7147,0
9097,0
4484,0
2321,0
1781,1
5320,1
6054,0
6112,0
7257,1
11048,1
6044,0
9374,0
3940,1
921,0
8091,1
8075,1
12320,1
8248,1
1521,1
4570,1
5333,0
3931,0
5640,1
7144,1
9922,0
530,0
521,1
8937,1
11841,1
5243,0
7896,1
3963,0
1796,0
4512,1
7171,0
4515,1
8636,1
4550,0
4856,0
5980,0
1890,1
441,0
2812,0
11524,0
10332,1
9160,0
4289,1
8365,1
233,0
570,0
3219,0
7205,1
371,1
1594,1
9172,1
4406,0
11187,0
4096,0
7881,1
7891,1
4733,0
4207,0
5998,0
6864,0
948,0
4083,1
10277,0
3822,0
2288,0
10673,1
4091,1
7659,1
575,0
132,0
4056,0
5643,0
5628,1
8884,1
2895,1
232,0
8077,1
8200,0
1308,1
6100,0
3430,1
7972,0
1110,0
223,1
8481,1
8317,0
7530,1
4331,0
11390,0
9714,1
2331,0
3634,1
8180,1
6308,0
8408,0
1456,0
578,0
5426,1
3558,1
5006,0
3984,1
9430,1
8896,0
9853,0
504,0
3044,1
5693,1
8966,1
684,1
10337,0
10186,1
9900,0
9240,0
6270,0
737,0
2838,0
11037,1
9239,1
3014,0
1546,1
2010,1
3545,0
433,1
8421,0
7961,0
4800,1
9423,1
2617,1
9898,0
5112,0
10279,1
8279,1
999,0
4224,1
1880,0
4155,1
6248,1
9126,1
4209,1
6075,1
5301,1
11191,1
5055,0
9047,0
10200,1
5292,1
7585,1
109,0
5181,0
5899,0
7299,0
9506,0
9286,0
8539,1
9607,1
7014,0
2748,1
8078,1
6338,0
2789,1
7287,0
6601,0
6168,0
5806,0
3524,1
7870,1
2095,1
9927,0
2190,0
12079,1
12148,1
5673,0
8727,1
2009,1
11008,0
7605,0
4598,1
3590,0
4703,0
1964,1
9271,0
10715,1
10828,0
7294,1
5328,1
11611,0
2145,1
9326,1
1633,1
2246,1
10653,0
2205,0
8522,0
11346,1
11460,0
4853,0
10545,0
6814,1
4497,0
8366,1
9033,0
4242,1
3418,0
4193,1
3770,1
3439,0
4134,0
2945,1
11041,1
9703,1
4441,0
7517,1
9312,1
6439,1
3962,1
3117,1
9609,0
12364,1
9852,1
5917,1
8219,1
1307,0
10576,0
2897,0
3678,0
3064,1
2695,1
2444,1
9497,1
10919,1
5163,0
7024,0
12036,0
12480,0
6507,1
7996,0
9985,1
11964,1
3951,0
2905,1
3449,0
785,0
9788,1
148,0
8565,1
10308,0
9333,1
6361,1
7539,0
415,1
7944,0
2495,0
2552,1
3131,0
2527,1
9581,0
2725,0
8108,1
3417,1
2019,0
6341,1
2684,1
9973,1
9701,1
1934,0
1499,0
1641,0
6879,0
10104,1
2440,0
1231,1
7238,1
6994,1
12385,1
10453,1
9146,0
5455,1
7739,0
12472,0
1864,0
8350,1
5047,0
3059,1
3786,0
8419,1
9070,0
722,0
4437,0
11337,1
8773,0
732,1
6756,1
1130,1
7306,1
10105,1
3029,1
5224,1
9803,0
9653,0
12128,0
8750,0
6856,1
10066,0
10478,1
12257,0
12193,0
2681,0
10268,1
6237,1
2872,0
6132,0
3088,0
1930,1
4921,0
8447,0
6450,1
377,1
6105,1
12474,0
4786,1
9618,1
8073,1
10000,1
11154,1
11920,1
6930,0
678,0
3909,1
11982,1
4310,0
10631,0
2449,0
8946,0
11735,1
11121,0
12405,0
2117,1
8656,0
9957,0
10867,0
3221,0
4400,1
1690,1
1434,1
11812,0
5475,1
5659,0
7550,1
2171,1
7374,1
1981,1
2037,0
7540,0
4023,1
633,1
8275,0
3805,1
5956,1
5944,1
6895,1
654,1
4780,1
2045,1
1669,1
7589,1
7940,0
6673,1
11774,1
11039,0
2524,0
6764,0
9134,1
6697,0
3642,1
3825,0
6698,0
5118,1
4707,1
3630,1
9917,1
2700,1
7183,1
11706,1
5536,1
9688,0
2904,0
11277,1
2630,0
2706,1
4195,0
3119,1
8385,0
1012,1
7630,0
11739,1
611,0
8820,0
6201,1
2,1
10894,0
10584,1
8675,1
4075,0
9987,1
8213,0
2055,1
4980,1
7208,0
425,1
7028,0
5393,0
6599,1
11214,0
10888,1
11201,1
7529,1
1217,1
2845,1
1758,0
8425,0
11802,0
6150,0
2800,1
9321,1
7620,1
11983,1
5609,0
1705,1
9243,0
10441,0
3048,0
11819,0
2437,1
3759,1
5997,1
11684,0
4969,1
4439,1
8059,0
4316,1
7622,1
2461,0
10254,1
7639,1
4906,0
8293,0
9426,0
10964,0
4868,1
3272,1
6255,1
9893,0
7038,0
8912,0
2803,0
8797,1
7646,1
8925,1
10201,0
6310,1
4901,0
5607,0
4295,1
4760,0
2696,0
6264,1
5134,0
3105,1
3030,1
7156,0
9827,1
8752,0
5888,0
5024,1
6261,1
2041,1
7259,1
2431,1
3269,1
6500,1
9344,1
7856,1
6960,0
9960,0
367,1
7811,0
6331,1
3544,1
4666,0
5213,0
8417,0
1339,0
4698,0
727,1
2285,1
6115,0
4131,1
2091,1
2111,1
10270,0
11197,0
11359,0
11318,0
1536,1
6775,0
2658,0
7522,0
7600,1
5147,1
9089,0
1433,1
3296,0
9180,0
4461,0
7854,0
48,1
8552,1
6348,0
12157,0
9025,1
292,1
6660,0
8566,0
517,1
5166,1
11960,1
6093,1
499,1
1853,1
11378,1
2794,0
4535,1
9000,1
623,0
11016,1
437,0
12263,1
11192,0
4792,1
9237,0
9684,1
7561,0
12212,0
5630,1
10434,1
9786,0
571,1
617,1
10227,0
11002,0
4399,0
10691,0
8746,1
2361,1
6380,0
1067,1
892,1
2625,0
8977,1
5065,0
11562,1
7165,0
2802,1
1327,1
11233,0
2478,1
12053,0
11878,1
7286,0
8856,0
4150,0
838,0
9777,1
11593,1
541,0
7787,0
4779,0
8739,1
12106,0
8708,1
4100,0
3518,0
2325,1
7046,0
6242,1
7525,1
4095,1
8188,0
2882,1
2086,1
4518,0
6376,0
6584,0
10016,0
12340,0
9074,0
681,1
11583,0
6962,0
12490,1
1451,0
8982,1
5714,0
7332,1
11923,1
4911,1
5541,0
9043,0
11034,1
893,1
8529,0
6328,0
7616,1
5315,1
10717,1
8738,1
10632,1
7016,0
10572,0
1151,1
6867,0
1833,0
3047,0
10539,0
5498,0
6267,0
7447,0
2165,0
8518,1
4842,1
1845,1
4771,1
11365,0
4587,0
10463,0
1141,0
8123,1
5504,1
11304,0
863,1
8809,1
11256,0
6203,1
11795,1
1621,1
976,0
3022,0
1423,0
7868,0
5610,1
9108,1
1187,0
1774,0
9102,1
9163,0
6364,0
7581,0
1337,0
10428,0
1997,1
940,1
108,0
2386,1
8356,0
4177,1
4504,0
11001,1
4637,0
4087,0
6852,1
2983,0
9548,1
4334,1
12055,1
2421,0
1868,0
2746,0
2898,1
4791,1
6435,1
10935,1
6802,1
7309,0
8963,0
321,0
5750,0
7556,0
11980,1
8831,1
8377,0
7892,1
656,1
1815,0
10474,1
1637,1
276,1
5635,1
11292,1
1221,0
957,0
1691,0
7923,0
4524,0
7818,1
7071,0
1733,1
4004,0
8282,0
10796,0
5186,0
11765,1
1515,0
11992,1
7129,0
8904,0
402,0
9918,1
10290,1
6012,1
1984,1
11896,0
10294,0
8020,0
8630,1
11579,1
9496,1
8207,1
11019,1
9297,1
5792,0
10071,0
4827,0
5061,1
8911,1
1805,0
12136,0
11492,0
7582,1
8082,1
1970,1
5597,1
3301,1
4048,0
9225,0
4723,1
3288,1
6147,1
6023,0
854,1
1904,1
4981,1
10155,1
520,0
11216,0
9887,1
12213,1
6467,1
5142,0
10624,0
2328,0
1290,1
8794,1
5114,1
8191,1
11607,1
269,1
4099,1
10203,1
7126,0
11993,0
4309,1
12066,0
1504,1
7325,0
6842,1
12367,1
4355,0
7778,0
11763,1
860,0
2713,1
9412,0
5297,0
6258,0
6870,1
7977,0
10483,0
2809,0
1871,1
5021,1
6493,1
511,1
947,0
4479,1
6800,1
9516,1
9135,1
2163,1
12262,1
10619,1
11387,1
3043,1
10689,1
8076,1
9575,0
10862,0
3428,0
3720,0
10100,1
4391,0
5467,1
7848,1
8252,0
11132,1
11222,1
11005,1
3771,1
1991,1
2711,0
3078,1
9602,1
4625,1
9404,0
5077,1
2348,0
6081,0
703,0
3851,1
11914,1
5304,1
5412,0
9774,1
3,1
9942,0
7926,0
5302,1
11073,0
4696,0
1284,1
12331,0
10645,1
10059,1
7547,1
1933,0
7790,1
1737,1
7691,0
7442,0
4566,1
135,0
555,1
2174,1
11270,0
6955,1
254,0
1492,0
7141,1
10394,0
5705,1
9406,0
9357,1
6919,0
4238,1
10956,0
11952,1
866,1
2749,0
4635,1
5382,1
7404,1
3854,0
3310,1
9209,0
9528,0
5342,0
9814,1
8092,1
10560,0
9555,0
602,0
7200,1
11722,0
6638,0
12001,1
11788,0
3696,0
6566,1
6323,1
3700,0
6277,1
1043,0
3650,1
1280,1
5369,1
3336,0
10802,0
4974,1
8080,0
8886,0
5017,1
11705,1
9553,0
5934,0
2813,1
7107,1
6495,0
3501,0
1033,0
369,1
5731,0
11592,0
7079,1
11828,1
1619,1
1117,0
2690,0
10501,1
5209,1
11371,0
4052,0
11011,1
4892,0
12073,1
8287,1
5228,1
9600,0
964,0
6675,1
1137,1
1540,0
5574,1
9371,0
3565,0
10241,1
3035,0
9503,1
6426,1
2442,1
895,0
3617,0
3585,1
8054,1
2490,1
8368,0
319,1
5702,0
12061,1
9435,1
10396,0
7371,1
6301,1
4243,1
8997,1
701,0
78,1
11161,0
124,0
11049,0
7392,1
2867,1
10561,1
11663,1
3153,0
12129,0
688,1
1948,1
1272,1
4293,0
5613,1
6710,1
6164,0
7840,0
8090,0
11174,0
1605,1
4468,1
1008,0
3125,1
2252,0
3735,0
6423,0
6917,0
4312,0
781,1
3885,0
12291,1
11887,0
4464,1
1867,0
229,1
12042,1
1098,0
4251,1
11432,0
11064,0
412,1
235,1
9224,1
11129,0
2305,1
4080,1
11571,1
8426,0
12155,0
8818,1
10032,0
6539,1
6490,0
6451,0
10450,0
3686,0
7720,0
9634,0
4201,0
11873,0
855,0
6109,1
11733,1
1236,1
1550,1
7469,1
6681,0
9592,0
9156,0
7005,0
9810,0
9459,0
4613,0
10284,1
1279,1
12112,1
6068,0
6736,0
3745,0
10865,0
9881,0
3554,1
4013,0
9408,0
427,0
9728,0
2595,0
10321,1
2243,0
3317,1
9110,0
3230,0
12245,0
4983,0
10079,0
7627,1
6285,1
5521,1
11818,1
10530,0
10938,1
3203,1
9699,1
7873,1
4380,1
5506,1
9768,1
8309,0
10512,0
3246,0
9510,1
8404,0
5256,1
10847,1
8320,0
8642,1
12386,1
1727,1
910,0
299,1
5584,1
4689,0
6727,0
4926,1
99,0
352,1
10494,1
6216,0
2797,0
3843,0
4028,0
1731,0
6951,1
1889,0
12177,1
2434,0
4835,1
12427,1
8846,1
9874,0
7111,1
6320,1
8061,1
3979,1
8885,0
10210,0
11798,0
1026,1
2610,0
7030,0
857,1
7076,1
9943,1
6767,1
204,1
9250,0
12221,0
926,0
6970,1
3468,1
11091,0
10839,0
966,0
11813,0
7365,1
4937,1
3897,0
4532,1
2944,0
5465,1
3638,0
3093,0
5819,1
2251,0
4526,0
7592,1
10762,0
366,1
3335,0
1204,0
10665,1
9723,1
9933,1
5481,1
1344,0
190,1
7982,1
11402,1
9833,1
6340,1
2399,0
4822,1
3103,1
85,1
9118,1
11676,0
2717,1
3285,0
9766,1
7919,0
6508,0
6218,1
7066,1
4455,0
1252,0
11939,0
5549,0
4098,0
3934,1
133,0
6865,0
5797,0
2978,0
671,0
11570,1
4881,0
4315,1
5883,1
12357,1
5306,1
11143,1
7113,0
9613,1
4628,1
11530,1
535,0
734,0
4956,0
4826,1
9871,1
5639,0
2935,0
7353,1
6613,0
11925,0
640,0
6577,1
9159,1
6629,0
6790,1
3891,1
3754,1
4730,1
6634,0
6006,0
8717,0
160,0
431,1
9568,0
677,1
1649,0
3877,1
1883,0
10644,1
410,0
7894,1
5495,1
11069,1
7878,0
7997,0
2228,1
7420,1
3620,0
2128,0
3274,1
9605,0
3615,0
2884,0
7990,1
6945,1
10718,0
9035,1
544,0
1527,0
10609,1
4521,0
8372,0
4449,0
2008,1
3020,0
8882,1
7075,1
182,1
8493,0
1612,1
4511,1
11487,1
1751,1
8766,0
4196,1
316,0
1555,0
9348,1
11752,1
6184,0
2537,1
4896,0
2986,1
8273,0
1502,0
3406,0
7089,0
9072,1
10063,1
7209,1
6971,0
7887,1
3781,0
4382,1
4,1
75,0
3534,0
647,0
10237,0
7884,1
1414,0
2335,0
10128,0
10706,1
3198,1
3249,0
8008,1
10287,1
2981,0
5898,1
2295,1
5822,1
7902,1
6573,1
12362,1
5473,0
3523,1
12076,1
593,1
6887,1
10102,1
1795,0
4501,1
584,1
3691,0
2313,1
2669,0
6101,0
5901,1
11410,0
6760,0
9330,1
9087,0
2597,0
7624,0
1468,1
10315,1
3019,1
8871,0
5776,1
430,1
2833,1
5552,0
8339,1
5568,0
1615,0
6567,1
9282,1
3902,0
6792,1
83,1
6222,0
4982,1
8924,1
4685,1
314,1
2739,1
12445,0
1004,1
5932,0
11648,1
2705,0
3475,0
2580,0
2474,1
8796,1
11803,0
9859,1
9019,0
5257,0
4194,1
11968,0
5081,1
6835,1
6502,1
10373,0
1636,1
6910,0
3491,1
4929,1
10520,0
6769,0
1577,1
1532,0
12218,0
1826,0
11548,1
9083,1
7160,1
3742,1
3551,0
3311,0
9697,0
8786,0
8239,0
7236,0
6146,0
1287,1
3321,1
1329,1
5735,1
2837,0
5115,0
6616,0
4139,0
621,0
515,1
2291,1
6540,1
9838,1
3704,0
4221,0
4447,1
12468,0
11539,1
728,0
7730,0
11203,0
107,0
10932,1
9721,0
8244,0
766,1
11057,1
5865,0
6925,0
3621,1
12289,0
2105,0
9416,1
2064,0
10797,0
12187,0
6513,0
3559,0
10587,1
9741,0
7989,0
12242,0
12444,1
8114,1
2401,0
2493,0
7669,1
1115,1
931,0
1238,1
1676,1
8889,1
11173,1
5593,1
6519,0
10036,1
11113,1
12041,0
7211,0
9004,1
9182,0
4211,1
8756,1
9594,1
4014,0
1600,1
5005,0
5253,1
10552,0
8841,0
8409,0
10741,1
17,1
4971,1
289,1
10992,0
1271,1
6422,1
12437,0
11300,1
7568,0
6750,0
4477,0
2400,0
5510,0
7386,0
792,1
825,0
5272,0
10314,0
10990,1
8334,0
3665,0
4401,1
5379,0
1529,1
8729,1
4133,0
3556,0
10702,0
1118,0
2952,1
9460,1
970,1
11667,1
8330,0
1311,0
2634,1
4726,1
7623,1
778,0
12441,0
3238,1
3820,1
5839,0
8513,0
9949,0
5699,0
5175,1
11951,1
9659,1
7693,0
9158,1
7687,0
6233,0
5476,0
5326,1
12149,1
10091,1
8023,1
7549,0
7804,1
4090,1
5955,0
9315,1
11444,0
6516,1
1827,0
1321,0
3921,1
2018,0
8939,1
7130,1
7555,1
4639,0
8156,1
1708,1
9826,1
378,0
9252,0
10874,0
2057,0
6144,0
1872,1
171,0
142,0
12285,0
3912,0
4871,1
1789,1
10918,0
8150,0
10716,1
6849,1
6460,1
6192,1
2510,1
5231,1
8638,1
8286,1
5429,0
11071,1
9906,0
7500,1
2257,1
465,0
1031,0
11919,1
11695,0
2671,1
4700,1
5004,1
5575,1
8126,0
5122,0
8641,0
9167,1
11283,1
11253,1
5577,1
6441,0
18,1
1078,0
12093,0
8464,1
7814,1
1045,0
8897,1
6032,0
8101,0
4232,1
1214,1
4963,1
12282,1
1368,0
9306,0
1338,0
736,1
11262,1
5395,1
4241,0
10118,0
4534,0
2644,1
10311,0
7245,1
7317,0
7817,1
5129,1
11242,1
9650,0
9523,0
11160,0
782,1
7965,0
365,1
1770,0
6762,0
1922,0
1122,0
10376,0
1396,0
4608,0
9743,1
7192,0
2062,1
5905,1
12488,1
1380,1
198,0
7512,0
7015,0
6663,1
4457,1
9489,1
6837,0
3733,0
11332,1
7662,1
8714,0
10711,0
7019,0
3612,0
7235,0
5684,1
2760,0
11182,1
7901,1
7661,0
10111,0
767,1
11536,1
3718,1
10282,1
5924,1
10849,0
6691,0
898,0
10060,1
1136,1
5397,0
8823,1
2417,1
3576,0
5749,1
6210,0
2589,1
7709,0
10533,0
3593,1
4958,1
7628,1
9231,1
11652,0
7746,0
6065,1
4884,0
3819,1
4285,0
6096,0
984,1
2573,1
4494,0
4846,1
9981,1
5088,0
3726,0
10742,1
8862,1
6402,1
10896,1
689,0
10957,1
7587,1
11441,1
12087,1
2790,0
2002,1
8375,0
2370,1
573,0
4252,1
12309,0
12274,1
4481,0
7218,1
8003,1
2762,0
5926,0
228,0
7584,1
5968,1
9255,1
1626,0
11142,1
7666,1
9591,0
3040,0
10672,0
2933,0
6050,0
7821,0
11354,0
5499,0
9698,1
9819,0
10281,1
11108,0
4114,0
841,0
217,1
5873,1
900,1
10141,1
9813,0
10087,1
8045,1
832,1
12466,0
8755,1
2773,0
2769,0
1881,0
3356,1
2677,1
3161,0
11779,0
1145,1
567,0
10916,1
1201,1
8599,0
12233,0
10778,0
12394,0
10357,1
968,1
4519,0
2661,0
12126,1
915,1
11383,1
9964,0
6433,1
590,1
9501,1
8030,0
8415,1
9188,1
7652,1
9031,1
8787,0
845,1
7905,0
11540,0
10172,1
4909,1
2534,0
3675,1
11973,0
6318,1
5556,0
12383,1
5691,1
5743,0
9334,1
4354,1
1609,1
4255,1
2934,0
8410,1
12418,0
7877,0
11218,1
187,0
6827,1
3018,1
5023,0
8486,1
5079,0
10402,0
134,0
456,0
4888,0
7729,0
5708,1
7410,1
2369,0
9128,1
7841,0
1901,0
11139,1
3725,0
3844,1
10950,0
9661,1
531,0
1963,0
11188,1
1941,1
11500,0
2868,1
4117,0
659,0
6940,0
2355,1
6807,0
8398,1
9696,1
5727,0
7191,0
4749,0
10326,1
7041,0
11563,0
3611,0
11971,0
2629,1
8527,1
8469,0
6734,1
2405,0
473,1
1606,0
7951,0
3205,0
8307,0
3351,1
7822,1
8140,1
829,1
741,0
1169,1
11743,0
11184,0
2129,1
721,0
1777,0
1595,0
3070,1
10305,1
1378,1
10028,0
7143,1
3811,1
9372,1
10901,0
20,0
4803,1
2235,0
3627,0
9955,1
468,0
1954,1
12064,1
11505,0
7057,0
6007,1
7391,0
4539,1
775,0
4517,0
11414,0
11865,0
4599,1
1682,1
3438,0
5140,0
5581,1
336,1
6359,0
5891,0
8696,1
4045,0
8043,1
4514,0
10003,1
5762,0
3584,0
1518,0
10497,1
2029,0
8105,1
4870,1
420,1
3470,1
11688,1
11167,0
6119,1
10579,0
5137,0
3867,1
10955,0
6128,1
2380,0
10534,1
7795,0
11626,1
1446,1
9858,1
10929,1
7190,1
266,0
10181,1
1476,1
11641,0
2496,0
7684,1
10751,0
7035,1
11883,1
7960,1
700,1
4341,1
3935,0
5059,0
10029,1
6574,1
4031,1
11424,0
6950,0
7347,1
10498,0
6652,1
527,1
359,0
9003,1
10039,1
4161,1
4999,1
2697,1
8979,0
3010,0
6579,0
9493,1
2989,0
1893,0
11727,0
3068,1
2189,1
7050,0
5805,1
9468,0
7033,0
10007,0
3092,1
8323,1
1291,0
7847,1
6360,0
880,0
4279,0
5831,1
9295,1
11937,0
680,0
7366,0
8762,1
10582,0
10833,1
9079,1
4173,1
9708,1
10302,1
8142,1
474,1
4160,0
7153,1
4107,1
8162,1
6434,0
4680,1
1356,1
11183,0
9868,0
11893,0
9200,1
11329,1
1213,0
4191,0
5039,1
1677,1
7860,1
4021,1
8959,1
9905,0
6067,1
325,1
10482,0
3373,0
7869,1
8976,1
7705,1
11683,1
8225,0
828,0
12016,1
1135,0
4446,0
9795,0
7350,1
5019,1
6776,0
9855,0
10925,1
7303,0
7355,0
9649,1
38,0
8978,0
6363,0
10153,0
1486,1
9570,0
11342,0
6276,0
1222,0
3122,0
3894,1
12013,1
6963,1
8658,1
5600,1
2627,1
6648,1
8276,1
580,0
3127,0
479,1
5742,1
6378,1
4362,1
2213,0
10146,1
11669,1
1716,0
11178,1
4500,0
12436,1
6254,1
10934,0
4011,0
3496,0
346,1
7636,1
5011,1
11117,1
9763,0
5771,1
6106,1
11088,0
11724,0
304,0
6344,0
1199,0
2299,0
5921,0
12197,0
8034,0
11386,1
9965,1
12304,1
10517,1
11531,0
11568,0
1388,0
7467,1
4772,1
4502,1
10451,0
10062,0
9115,1
7575,0
3170,1
4409,1
7736,1
11830,0
6417,0
7920,1
4647,1
1466,0
10914,1
2652,0
3128,1
11479,0
12346,0
8308,0
7871,0
7266,0
8072,1
2930,0
2531,0
7489,1
393,1
2906,0
6711,0
7614,0
8255,1
3932,0
1488,0
1684,1
12232,1
1150,0
7341,1
12207,1
1720,1
10226,0
8617,0
4660,1
3025,0
3989,1
2668,0
11625,1
11210,1
2025,0
550,0
4711,1
5560,1
2414,0
1176,0
6903,0
3251,0
7541,1
9842,0
4448,0
8394,1
2588,0
3571,1
10660,0
9725,0
12095,0
1977,1
7911,0
1142,0
2856,1
9413,1
11135,0
11556,0
6803,1
11021,1
12102,0
9475,0
12164,0
2420,1
2915,0
5384,0
6073,1
4005,0
4527,1
10472,0
11209,0
2343,0
11026,0
935,1
10300,1
3572,1
1126,0
3996,1
7264,1
8828,1
12080,1
9867,1
9727,0
4904,0
7394,0
6937,0
2131,0
4503,0
9889,1
1047,0
2766,1
7438,0
4947,1
5707,0
8869,1
6664,1
3397,0
1750,0
10179,1
8691,1
10070,1
5009,0
971,1
5533,0
9793,0
6737,1
7805,0
12347,0
2959,0
3681,0
1024,1
6742,1
877,0
5875,0
9720,0
22,0
2134,1
11308,1
9029,1
6462,1
5796,0
8217,1
7396,0
8570,0
5192,0
1631,1
10424,1
12438,1
2491,1
6538,0
8438,1
4126,1
9655,1
4269,0
7731,0
8231,0
9164,1
9068,0
7688,0
11456,0
1849,1
5184,0
2556,1
2722,1
9149,0
2392,0
10991,0
4265,1
1544,1
5685,0
11595,0
11379,0
7553,1
4325,1
1607,0
8261,0
6598,0
1019,1
5969,1
4985,1
6211,0
5423,0
6609,1
5430,1
1294,1
8245,0
4715,1
2820,1
6483,0
6396,0
6482,1
7727,0
11393,0
10433,1
3609,0
3075,1
8196,0
11745,0
2825,1
4630,1
5939,0
3320,0
11501,0
1048,1
9762,0
11958,1
7987,0
1101,0
6541,0
1264,0
4563,0
298,1
9268,0
6429,1
4721,0
9345,1
3610,1
11780,1
10094,1
7521,1
11151,1
7505,1
11515,1
7368,1
6576,0
5598,0
4938,1
4322,1
6291,0
11062,1
4002,0
2543,1
7151,0
8179,1
3528,1
7948,0
9359,0
11518,0
7675,0
4407,1
7603,1
4257,1
6526,1
4824,1
8463,1
7935,1
6077,0
6794,1
5288,1
1778,0
10009,0
8703,1
4480,1
610,0
8887,0
10248,0
8240,1
1014,1
12163,1
5270,0
8212,1
1994,1
9800,0
8001,0
2850,0
8586,0
12249,1
4682,0
2256,1
10365,0
12350,1
11784,0
453,1
10641,1
2115,1
10454,0
7823,1
5738,1
9515,1
7607,0
9277,1
5807,1
10944,1
5874,1
3942,1
815,1
1246,0
21,1
5623,0
231,1
2141,0
4597,0
1393,1
5482,0
7900,1
988,1
4420,1
10375,0
11407,1
826,1
5277,0
1471,1
174,0
1355,0
8835,1
4183,0
4545,0
6965,0
2807,0
6123,0
11931,0
2902,1
12269,1
10101,1
6393,1
1170,1
2733,0
4821,1
6287,1
11205,1
2505,1
11392,0
8492,0
9487,0
435,1
7917,0
2961,0
7290,0
9114,0
3823,0
1809,1
4645,0
9289,1
5408,0
7495,0
97,1
10722,0
6733,0
6523,1
10033,0
1552,0
9901,0
5322,1
697,1
12226,1
10830,0
6816,1
7114,1
9143,1
4336,1
10423,0
10177,1
5801,1
8987,0
10217,1
6596,1
6275,0
12414,0
11741,0
8730,1
5785,0
4278,0
992,1
6793,0
9059,1
7793,0
4077,1
6279,0
8314,0
4071,1
7634,0
3281,1
1525,1
10430,0
3879,1
8879,1
4296,0
429,1
11302,1
5113,1
4994,0
5351,1
10682,0
12287,1
6921,0
2682,1
11101,1
8685,0
4473,1
11330,0
11764,1
3830,0
117,0
10130,0
3900,0
528,0
5689,1
11523,0
5652,0
2068,0
10628,0
6932,0
851,1
7618,0
2576,0
8424,1
2233,0
152,0
7457,1
11007,1
2672,0
8842,1
8386,0
1359,0
10340,0
3981,1
12219,1
4978,0
7942,0
4612,0
1462,1
1449,1
10652,0
9571,0
9096,0
11659,0
3769,0
6245,1
5725,0
1491,0
10754,0
6559,0
11080,1
9676,0
4565,0
1517,0
6431,1
7083,1
5596,1
2511,1
11989,0
5251,1
10391,1
1713,0
7826,1
6883,1
11627,1
7742,0
11613,1
6578,0
5966,1
9329,0
8671,1
7195,1
12239,0
8834,0
11076,0
4212,0
2675,0
9375,1
6041,1
6315,1
3657,0
6575,0
11380,1
7429,0
3721,1
2653,0
7712,0
1673,0
4436,1
814,0
2135,1
9537,1
10843,0
774,0
6722,1
7412,1
2670,0
2347,0
3722,1
7372,1
9542,0
1062,0
2698,0
8387,0
2050,1
10477,0
7518,1
7528,1
10249,1
10923,0
11832,0
3938,0
8784,1
12475,0
6420,1
5428,1
9535,1
7300,1
7792,0
12168,0
8149,0
10169,1
5374,0
5385,1
8165,0
1054,1
10023,1
12470,1
9888,0
3132,0
1681,0
1225,0
8097,0
3960,1
4413,1
11875,0
9558,0
11311,1
5093,1
5108,0
2869,0
3752,1
11508,0
10218,0
5080,1
7318,0
3323,1
1107,0
1553,1
11137,0
5547,0
2891,1
9747,1
1104,0
10208,1
1640,1
12172,1
6086,1
1573,1
11532,0
5555,1
4785,0
6037,0
3142,0
3374,1
2840,0
10902,1
1254,0
10437,0
3968,1
1572,1
8100,0
1828,1
6345,0
3694,0
1728,1
7715,1
3842,0
7459,0
6206,1
3107,0
4276,0
3520,1
2779,1
9984,1
7806,0
4931,1
10216,0
10855,1
8805,0
7023,0
3862,1
10310,0
3969,1
1020,0
4661,0
10086,1
1023,0
3905,1
5054,0
12473,0
3697,1
4936,0
10643,0
5789,1
7337,0
6148,1
459,1
11239,1
8158,0
8128,0
9845,0
10555,0
2509,1
6771,1
10258,1
10139,1
658,1
8364,1
1132,0
5165,1
6468,1
1234,0
7665,1
6506,1
2743,1
9916,1
12261,0
2574,0
2643,1
10772,0
7650,0
10721,0
11442,1
10509,1
9935,1
702,0
3175,0
2438,1
4172,0
6333,0
3113,0
10840,0
3668,0
12352,1
9751,1
2843,1
4184,1
1958,0
11769,0
686,1
6190,0
8337,1
3954,1
6343,0
9932,1
11438,1
8800,1
8302,0
10138,1
9521,1
7206,1
8507,0
8113,1
6235,0
5002,0
7559,0
6102,0
2470,1
7766,1
1166,1
7506,0
10017,0
3401,1
4823,1
3149,1
10471,0
4202,0
4757,1
6934,1
3474,0
795,0
6198,0
3649,0
3958,0
3917,1
12489,1
10073,1
4814,1
7780,0
8124,0
138,0
9198,0
2824,1
12390,0
1601,0
10159,1
3789,1
6021,0
2203,0
11671,1
5441,1
9971,0
4629,0
9715,0
10810,1
158,1
10265,0
3327,1
3880,0
11615,0
9140,1
1239,1
4848,0
6594,0
4200,0
9588,0
5520,1
4959,1
6092,0
3521,1
368,1
2926,1
10144,1
3480,0
3146,0
5448,1
2344,0
861,1
3183,1
6286,0
11600,1
6463,0
4198,1
1666,0
12375,0
7941,1
2518,1
10995,0
2363,0
1464,0
11497,1
126,1
8332,1
11608,0
4724,1
3467,1
10283,1
11754,0
2290,1
7180,1
8232,0
7717,0
4373,0
7308,0
6757,1
3824,1
6266,1
8582,0
11093,1
9254,1
5490,1
4770,0
5450,1
10021,0
1352,0
4577,1
7377,0
8986,0
10459,0
6828,1
8131,1
3424,1
12078,0
3072,1
4110,1
9635,1
2157,0
6421,1
5249,0
4867,1
5483,0
7243,0
10235,0
9590,0
4551,1
3052,1
1412,0
3057,1
7458,1
1334,1
1817,1
7499,1
8470,0
5367,1
8837,1
4369,1
7664,1
5341,0
7335,0
8768,0
3652,0
716,1
8081,0
7305,1
280,1
6524,1
3004,0
9015,0
6031,0
6027,0
4451,0
8466,0
5160,0
5519,1
10604,1
166,0
4727,0
6019,1
1345,0
11585,1
7137,0
6672,1
10771,1
341,0
7472,0
12057,1
3988,1
10808,1
788,0
11070,1
1773,1
5264,1
1183,1
8369,1
12038,1
6747,0
2564,0
8005,1
9462,0
5546,0
3201,0
392,0
2069,1
1570,0
10877,0
11732,1
3677,1
1800,1
986,0
6532,1
1426,0
6987,1
9283,1
669,1
6739,0
3342,0
1186,1
7152,0
7760,1
2704,1
3570,1
6515,0
12406,0
10198,0
4787,1
4016,0
10260,0
990,0
9913,0
10333,0
12464,1
10873,0
3604,0
10851,1
2720,0
5434,1
11251,1
6010,1
1700,0
12183,0
7936,0
3542,1
9953,0
9145,0
7872,1
1988,0
8010,1
2187,0
9355,0
7304,1
8047,0
3797,0
4970,0
11267,0
3980,1
10192,0
7513,0
11647,1
1392,0
7296,0
7560,1
11898,0
1051,1
8596,1
4112,0
5013,0
2967,0
3587,1
7278,0
7588,0
3503,0
8134,1
8025,0
2362,1
4210,1
1093,0
10913,1
3350,1
4144,1
5352,0
5487,1
6022,0
8015,1
8807,1
2383,1
493,0
4412,0
9724,0
2306,1
10330,1
2660,0
7564,1
4476,0
7219,1
11347,1
2539,1
5930,1
4677,1
784,1
3158,0
11296,1
4899,0
11970,1
5561,1
9952,0
4914,0
52,0
10734,1
4250,0
9177,0
3469,1
6051,1
8243,1
4701,0
796,1
4530,0
47,0
1762,1
211,1
10137,1
5098,1
1884,1
5985,1
4498,1
11003,0
2004,0
3740,0
715,1
1228,0
2513,0
1226,0
7268,0
7094,0
9689,1
6395,1
2715,0
9624,1
11240,0
1440,0
5882,1
11375,0
7671,1
3776,0
2920,0
9485,0
10378,0
3834,0
250,1
2732,1
10065,0
6162,1
11864,1
7008,1
11962,0
11799,1
1077,0
7510,1
7535,0
11336,0
5052,1
5180,1
1748,0
480,1
6476,1
3228,0
6350,0
1585,0
11996,0
2994,0
87,0
6230,1
8033,1
524,1
8535,0
904,1
1460,0
10318,0
11326,1
980,1
12143,1
3667,1
1055,1
7273,0
906,0
1843,0
9958,0
7562,1
6225,0
8899,0
666,0
10136,1
8095,1
12169,0
1006,1
9939,1
7056,0
11746,0
3619,1
2265,0
4348,0
6956,1
4528,0
12120,1
752,1
2940,1
9860,0
8915,1
5736,0
1837,0
5611,0
1688,1
8355,0
837,1
7461,1
9807,1
4170,1
7283,1
12018,0
3886,0
9520,1
6491,0
2234,0
2214,1
8760,0
471,0
631,1
7002,1
9614,1
238,1
3532,1
8344,1
4552,0
7475,1
4547,1
7233,0
1147,1
2742,0
11040,0
618,0
9362,1
12111,1
6104,1
3199,0
3646,1
2090,1
2512,0
7465,1
1952,1
4240,0
5656,0
6551,1
7140,0
2083,1
4273,0
9572,1
3338,1
9840,1
8480,0
6401,0
1463,0
8838,1
11439,1
7155,0
1894,0
2047,0
2514,1
8442,1
9771,0
1650,0
11874,0
3578,0
9775,1
1317,0
4392,0
1979,1
12240,0
7761,0
11838,1
8475,0
5155,1
922,1
2548,0
8164,1
11942,0
8519,1
5358,1
7456,0
7511,0
6072,1
1119,0
11333,1
3079,0
10818,0
3247,1
121,1
10398,0
29,1
8681,0
7169,1
1094,1
2727,1
1168,0
6215,0
2353,0
8472,0
2393,1
10399,1
7626,0
3929,1
11940,0
10353,0
1693,1
5008,0
2443,0
1270,0
572,1
6686,0
2666,0
9311,0
8406,0
5854,0
12443,1
11085,1
12209,0
8040,0
5768,1
12050,0
1303,0
11716,1
9757,0
8402,0
8468,0
9566,1
3991,1
2221,1
4208,1
7488,0
6947,1
11090,1
147,1
3372,1
8444,1
8130,0
2133,0
3329,1
7888,0
2925,1
3212,1
4728,0
7583,0
12160,1
10336,0
3060,1
10858,1
5285,0
9403,0
8666,1
9399,0
4626,1
8767,1
10344,1
394,1
972,1
835,1
4873,1
6782,0
5567,1
3259,0
8548,1
3730,0
6035,0
5117,1
5765,1
2763,1
1424,1
1735,1
8780,0
6078,1
8487,0
7131,1
2828,0
11349,0
4979,1
5551,1
11578,0
6825,1
10763,0
7413,1
6383,0
2729,0
4245,1
385,1
6714,0
11728,0
10456,1
7263,1
2686,0
12251,1
7145,0
8606,0
3295,0
10675,0
952,0
8093,0
8250,0
2642,1
2694,0
5281,0
5756,1
12494,1
8112,0
2454,0
7800,1
1197,1
3744,1
10593,1
7621,0
2909,0
2997,0
1075,1
11855,1
11708,0
10655,0
11790,1
2557,0
11629,1
2124,0
9543,0
9593,0
4109,1
9612,1
5298,1
5701,1
230,0
5986,0
5,0
2761,1
10251,0
2226,1
11965,0
1887,0
3042,0
1987,1
6582,0
3232,0
9576,1
3150,1
8153,1
3515,1
6080,1
6696,0
6866,1
3152,0
11293,1
4116,1
6812,0
710,1
1158,1
4627,1
9480,1
2179,1
8449,1
7980,0
9999,1
5723,0
6735,0
9212,1
5177,1
8861,1
249,0
11083,1
12085,0
5834,1
5790,0
3841,0
4153,0
6353,0
8039,0
12294,1
1816,1
4858,1
102,1
3763,0
2487,1
6679,1
8572,0
9050,0
8804,0
3656,0
9378,1
1478,0
6517,1
5284,0
9337,0
11800,0
10263,1
8157,1
6700,1
10239,1
12122,1
5529,0
6728,1
9227,1
763,1
6872,1
5057,0
8265,1
730,1
9601,0
5539,1
606,0
1081,1
2316,1
4162,0
6633,1
5996,0
6936,1
6815,0
2169,0
5158,1
4186,1
8,0
2046,1
8616,0
882,1
11465,1
1300,0
7018,1
10469,0
5022,1
12170,1
8412,1
7179,1
865,1
1985,0
10067,0
1074,1
2006,1
2878,1
11604,1
12075,1
4794,1
6545,1
2319,1
12491,1
1754,0
5416,1
12044,0
6156,0
7563,1
11760,1
4213,0
10547,0
6272,0
8125,0
1945,0
6880,0
10446,1
3053,0
11913,0
12456,0
5317,1
842,1
49,1
1397,0
3799,1
11963,1
7958,0
7382,1
1696,1
5523,0
5811,0
933,0
11029,1
1416,0
7478,0
6927,0
4395,0
1185,0
9018,1
168,0
10113,1
11025,0
8825,0
12020,0
8645,0
10010,1
7091,0
12459,1
9734,0
1950,1
8693,1
8494,0
8069,1
5578,0
3388,0
7370,1
7999,0
1498,1
9835,1
1718,0
7916,1
5321,0
8929,0
11494,0
11860,0
3553,0
8249,1
11099,0
3983,0
4214,0
7307,0
10363,0
7967,1
6165,0
5590,1
2219,1
1084,0
2368,1
408,1
358,1
8948,1
5753,0
2777,1
6822,1
9027,1
9481,1
1172,1
5469,1
7743,0
12348,1
867,0
9702,1
8646,0
5937,0
3273,1
7282,0
3252,1
1027,0
562,0
5045,1
1993,0
6124,0
5286,0
7036,1
11247,1
6300,0
8516,1
4990,0
12140,0
5972,1
6542,1
9928,0
2832,1
11781,1
5427,1
12090,1
1701,1
9866,1
11464,1
10636,1
7777,0
2388,1
12092,1
557,1
4290,1
4234,1
6392,0
10744,1
12017,1
8515,1
887,1
9755,0
2481,1
6283,1
4169,0
8071,0
8511,0
6520,0
4025,1
11481,0
7149,1
10869,1
3355,1
3473,0
12360,0
10688,1
10625,0
6002,0
11574,0
2089,0
3795,1
10077,0
5168,0
10661,1
4580,0
12430,1
9293,1
7699,0
4270,0
10043,1
3579,1
8893,0
7098,1
683,0
3477,0
6850,1
6259,0
11382,1
3244,1
4756,1
1512,1
7172,1
2170,0
2302,0
12158,1
3679,0
457,1
11569,1
12305,0
6948,1
8704,1
1182,1
173,1
9165,1
123,1
2562,1
12277,1
5392,0
9560,1
4610,0
636,1
5747,0
2688,0
3121,0
4968,1
1920,0
7196,0
10149,0
6832,1
4793,0
4007,1
8269,1
8839,0
7389,0
2502,0
483,1
7825,0
5400,1
9016,1
3102,1
8399,1
8347,1
10770,1
7689,0
6627,1
2075,0
11541,1
1508,1
1408,0
4026,1
11309,1
958,1
6428,1
5282,0
11934,1
4954,1
11699,1
1405,1
11024,1
12260,1
6303,0
9848,0
3955,1
10431,0
7697,0
3450,0
11144,0
12415,0
10103,0
5983,0
8256,1
2423,0
7707,1
8905,0
12043,0
10013,0
4188,0
7067,0
9726,0
3359,1
8725,0
9947,1
11990,1
10415,1
5761,0
9976,1
4859,0
11127,0
7852,0
11606,1
7249,0
5907,0
3566,0
451,0
8847,1
753,1
9038,1
3172,0
7897,0
5650,1
501,1
7451,0
8580,0
11729,1
738,1
1179,1
3530,1
3893,0
3586,0
12161,0
306,1
4044,1
10917,0
717,0
10041,1
1704,1
5938,1
7955,0
4889,1
2042,1
8413,0
10826,1
1891,1
4049,1
2964,1
7992,0
3872,0
3713,1
6122,0
7501,0
10489,0
1001,0
10347,1
6416,0
5015,1
8057,1
5675,1
1325,0
4762,0
1661,0
1439,0
5667,1
962,0
1596,0
2975,1
2586,0
10209,1
9138,1
4875,1
6628,1
9750,0
682,0
2036,0
1070,1
8284,0
1563,1
4735,0
1458,0
5809,1
3925,1
12342,1
7779,0
5517,0
912,1
6097,0
5489,1
3702,0
6407,0
4719,0
9267,0
11908,0
11463,0
840,0
6000,1
10524,1
9258,1
12099,1
3990,1
8590,1
11496,1
9672,0
6687,0
5624,0
1928,1
7217,0
11115,0
9208,1
11872,1
4094,0
7557,0
5641,1
2676,1
2804,1
2899,0
7417,1
2946,1
3856,0
5592,1
10970,0
7443,1
8220,0
4385,1
10823,0
86,1
10038,1
1105,1
8146,0
7812,1
2546,1
10657,0
